county,fips,series_id,date,unemployment_rate
Allegany,24001,MDALLE0URN,2020-01-01,6.0
Allegany,24001,MDALLE0URN,2020-02-01,5.8
Allegany,24001,MDALLE0URN,2020-03-01,7.0
Allegany,24001,MDALLE0URN,2020-04-01,13.1
Allegany,24001,MDALLE0URN,2020-05-01,12.1
Allegany,24001,MDALLE0URN,2020-06-01,10.3
Allegany,24001,MDALLE0URN,2020-07-01,8.9
Allegany,24001,MDALLE0URN,2020-08-01,7.6
Allegany,24001,MDALLE0URN,2020-09-01,7.8
Allegany,24001,MDALLE0URN,2020-10-01,6.8
Allegany,24001,MDALLE0URN,2020-11-01,6.8
Allegany,24001,MDALLE0URN,2020-12-01,8.0
Allegany,24001,MDALLE0URN,2021-01-01,8.8
Allegany,24001,MDALLE0URN,2021-02-01,8.5
Allegany,24001,MDALLE0URN,2021-03-01,7.8
Allegany,24001,MDALLE0URN,2021-04-01,6.6
Allegany,24001,MDALLE0URN,2021-05-01,6.6
Allegany,24001,MDALLE0URN,2021-06-01,7.5
Allegany,24001,MDALLE0URN,2021-07-01,6.5
Allegany,24001,MDALLE0URN,2021-08-01,6.1
Allegany,24001,MDALLE0URN,2021-09-01,5.3
Allegany,24001,MDALLE0URN,2021-10-01,5.1
Allegany,24001,MDALLE0URN,2021-11-01,4.6
Allegany,24001,MDALLE0URN,2021-12-01,4.1
Allegany,24001,MDALLE0URN,2022-01-01,5.5
Allegany,24001,MDALLE0URN,2022-02-01,5.1
Allegany,24001,MDALLE0URN,2022-03-01,4.4
Allegany,24001,MDALLE0URN,2022-04-01,3.6
Allegany,24001,MDALLE0URN,2022-05-01,3.6
Allegany,24001,MDALLE0URN,2022-06-01,4.4
Allegany,24001,MDALLE0URN,2022-07-01,4.3
Allegany,24001,MDALLE0URN,2022-08-01,4.3
Allegany,24001,MDALLE0URN,2022-09-01,3.3
Allegany,24001,MDALLE0URN,2022-10-01,3.6
Allegany,24001,MDALLE0URN,2022-11-01,3.3
Allegany,24001,MDALLE0URN,2022-12-01,3.0
Allegany,24001,MDALLE0URN,2023-01-01,4.5
Allegany,24001,MDALLE0URN,2023-02-01,4.1
Allegany,24001,MDALLE0URN,2023-03-01,3.5
Allegany,24001,MDALLE0URN,2023-04-01,2.4
Allegany,24001,MDALLE0URN,2023-05-01,2.5
Allegany,24001,MDALLE0URN,2023-06-01,3.0
Allegany,24001,MDALLE0URN,2023-07-01,3.1
Allegany,24001,MDALLE0URN,2023-08-01,3.5
Allegany,24001,MDALLE0URN,2023-09-01,3.2
Allegany,24001,MDALLE0URN,2023-10-01,3.7
Allegany,24001,MDALLE0URN,2023-11-01,3.7
Allegany,24001,MDALLE0URN,2023-12-01,3.8
Allegany,24001,MDALLE0URN,2024-01-01,5.6
Allegany,24001,MDALLE0URN,2024-02-01,5.0
Allegany,24001,MDALLE0URN,2024-03-01,4.6
Allegany,24001,MDALLE0URN,2024-04-01,3.9
Allegany,24001,MDALLE0URN,2024-05-01,3.8
Allegany,24001,MDALLE0URN,2024-06-01,5.1
Allegany,24001,MDALLE0URN,2024-07-01,5.0
Allegany,24001,MDALLE0URN,2024-08-01,5.1
Allegany,24001,MDALLE0URN,2024-09-01,4.1
Allegany,24001,MDALLE0URN,2024-10-01,4.5
Allegany,24001,MDALLE0URN,2024-11-01,4.7
Allegany,24001,MDALLE0URN,2024-12-01,4.6
Allegany,24001,MDALLE0URN,2025-01-01,6.4
Allegany,24001,MDALLE0URN,2025-02-01,6.0
Allegany,24001,MDALLE0URN,2025-03-01,5.4
Allegany,24001,MDALLE0URN,2025-04-01,4.8
Allegany,24001,MDALLE0URN,2025-05-01,5.1
Allegany,24001,MDALLE0URN,2025-06-01,5.9
Allegany,24001,MDALLE0URN,2025-07-01,6.1
Allegany,24001,MDALLE0URN,2025-08-01,6.0
Allegany,24001,MDALLE0URN,2025-09-01,5.6
Allegany,24001,MDALLE0URN,2025-11-01,5.4
Allegany,24001,MDALLE0URN,2025-12-01,5.0
Allegany,24001,MDALLE0URN,2026-01-01,6.8
Allegany,24001,MDALLE0URN,2026-02-01,7.1
Allegany,24001,MDALLE0URN,2026-03-01,6.1
Allegany,24001,MDALLE0URN,2026-04-01,5.7
Allegany,24001,MDALLE0URN,2026-05-01,4.8
Allegany,24001,MDALLE0URN,2026-06-01,5.3
Allegany,24001,MDALLE0URN,2026-07-01,5.8
Anne Arundel,24003,MDANNE5URN,2020-01-01,3.0
Anne Arundel,24003,MDANNE5URN,2020-02-01,3.0
Anne Arundel,24003,MDANNE5URN,2020-03-01,3.5
Anne Arundel,24003,MDANNE5URN,2020-04-01,8.6
Anne Arundel,24003,MDANNE5URN,2020-05-01,8.6
Anne Arundel,24003,MDANNE5URN,2020-06-01,7.4
Anne Arundel,24003,MDANNE5URN,2020-07-01,7.0
Anne Arundel,24003,MDANNE5URN,2020-08-01,6.0
Anne Arundel,24003,MDANNE5URN,2020-09-01,5.9
Anne Arundel,24003,MDANNE5URN,2020-10-01,5.4
Anne Arundel,24003,MDANNE5URN,2020-11-01,5.2
Anne Arundel,24003,MDANNE5URN,2020-12-01,5.3
Anne Arundel,24003,MDANNE5URN,2021-01-01,5.6
Anne Arundel,24003,MDANNE5URN,2021-02-01,5.5
Anne Arundel,24003,MDANNE5URN,2021-03-01,5.1
Anne Arundel,24003,MDANNE5URN,2021-04-01,4.6
Anne Arundel,24003,MDANNE5URN,2021-05-01,4.6
Anne Arundel,24003,MDANNE5URN,2021-06-01,5.2
Anne Arundel,24003,MDANNE5URN,2021-07-01,4.5
Anne Arundel,24003,MDANNE5URN,2021-08-01,4.3
Anne Arundel,24003,MDANNE5URN,2021-09-01,3.9
Anne Arundel,24003,MDANNE5URN,2021-10-01,3.7
Anne Arundel,24003,MDANNE5URN,2021-11-01,3.3
Anne Arundel,24003,MDANNE5URN,2021-12-01,2.7
Anne Arundel,24003,MDANNE5URN,2022-01-01,3.1
Anne Arundel,24003,MDANNE5URN,2022-02-01,3.2
Anne Arundel,24003,MDANNE5URN,2022-03-01,2.9
Anne Arundel,24003,MDANNE5URN,2022-04-01,2.4
Anne Arundel,24003,MDANNE5URN,2022-05-01,2.5
Anne Arundel,24003,MDANNE5URN,2022-06-01,3.1
Anne Arundel,24003,MDANNE5URN,2022-07-01,2.9
Anne Arundel,24003,MDANNE5URN,2022-08-01,3.0
Anne Arundel,24003,MDANNE5URN,2022-09-01,2.4
Anne Arundel,24003,MDANNE5URN,2022-10-01,2.5
Anne Arundel,24003,MDANNE5URN,2022-11-01,2.2
Anne Arundel,24003,MDANNE5URN,2022-12-01,1.8
Anne Arundel,24003,MDANNE5URN,2023-01-01,2.2
Anne Arundel,24003,MDANNE5URN,2023-02-01,2.2
Anne Arundel,24003,MDANNE5URN,2023-03-01,1.9
Anne Arundel,24003,MDANNE5URN,2023-04-01,1.4
Anne Arundel,24003,MDANNE5URN,2023-05-01,1.6
Anne Arundel,24003,MDANNE5URN,2023-06-01,1.8
Anne Arundel,24003,MDANNE5URN,2023-07-01,2.0
Anne Arundel,24003,MDANNE5URN,2023-08-01,2.2
Anne Arundel,24003,MDANNE5URN,2023-09-01,2.1
Anne Arundel,24003,MDANNE5URN,2023-10-01,2.2
Anne Arundel,24003,MDANNE5URN,2023-11-01,2.1
Anne Arundel,24003,MDANNE5URN,2023-12-01,2.1
Anne Arundel,24003,MDANNE5URN,2024-01-01,2.5
Anne Arundel,24003,MDANNE5URN,2024-02-01,2.7
Anne Arundel,24003,MDANNE5URN,2024-03-01,2.6
Anne Arundel,24003,MDANNE5URN,2024-04-01,2.3
Anne Arundel,24003,MDANNE5URN,2024-05-01,2.4
Anne Arundel,24003,MDANNE5URN,2024-06-01,3.1
Anne Arundel,24003,MDANNE5URN,2024-07-01,3.3
Anne Arundel,24003,MDANNE5URN,2024-08-01,3.3
Anne Arundel,24003,MDANNE5URN,2024-09-01,2.7
Anne Arundel,24003,MDANNE5URN,2024-10-01,2.9
Anne Arundel,24003,MDANNE5URN,2024-11-01,2.9
Anne Arundel,24003,MDANNE5URN,2024-12-01,2.5
Anne Arundel,24003,MDANNE5URN,2025-01-01,3.0
Anne Arundel,24003,MDANNE5URN,2025-02-01,3.4
Anne Arundel,24003,MDANNE5URN,2025-03-01,3.3
Anne Arundel,24003,MDANNE5URN,2025-04-01,3.0
Anne Arundel,24003,MDANNE5URN,2025-05-01,3.2
Anne Arundel,24003,MDANNE5URN,2025-06-01,3.6
Anne Arundel,24003,MDANNE5URN,2025-07-01,3.9
Anne Arundel,24003,MDANNE5URN,2025-08-01,4.0
Anne Arundel,24003,MDANNE5URN,2025-09-01,3.8
Anne Arundel,24003,MDANNE5URN,2025-11-01,3.6
Anne Arundel,24003,MDANNE5URN,2025-12-01,3.1
Anne Arundel,24003,MDANNE5URN,2026-01-01,3.8
Anne Arundel,24003,MDANNE5URN,2026-02-01,4.3
Anne Arundel,24003,MDANNE5URN,2026-03-01,3.8
Anne Arundel,24003,MDANNE5URN,2026-04-01,3.8
Anne Arundel,24003,MDANNE5URN,2026-05-01,3.3
Anne Arundel,24003,MDANNE5URN,2026-06-01,3.4
Anne Arundel,24003,MDANNE5URN,2026-07-01,3.6
Baltimore City,24510,MDBALT5URN,2020-01-01,4.7
Baltimore City,24510,MDBALT5URN,2020-02-01,4.5
Baltimore City,24510,MDBALT5URN,2020-03-01,5.6
Baltimore City,24510,MDBALT5URN,2020-04-01,10.0
Baltimore City,24510,MDBALT5URN,2020-05-01,10.6
Baltimore City,24510,MDBALT5URN,2020-06-01,10.0
Baltimore City,24510,MDBALT5URN,2020-07-01,10.2
Baltimore City,24510,MDBALT5URN,2020-08-01,9.2
Baltimore City,24510,MDBALT5URN,2020-09-01,9.4
Baltimore City,24510,MDBALT5URN,2020-10-01,8.5
Baltimore City,24510,MDBALT5URN,2020-11-01,8.2
Baltimore City,24510,MDBALT5URN,2020-12-01,8.4
Baltimore City,24510,MDBALT5URN,2021-01-01,9.0
Baltimore City,24510,MDBALT5URN,2021-02-01,8.4
Baltimore City,24510,MDBALT5URN,2021-03-01,8.1
Baltimore City,24510,MDBALT5URN,2021-04-01,7.4
Baltimore City,24510,MDBALT5URN,2021-05-01,7.0
Baltimore City,24510,MDBALT5URN,2021-06-01,7.6
Baltimore City,24510,MDBALT5URN,2021-07-01,6.7
Baltimore City,24510,MDBALT5URN,2021-08-01,6.3
Baltimore City,24510,MDBALT5URN,2021-09-01,5.7
Baltimore City,24510,MDBALT5URN,2021-10-01,5.5
Baltimore City,24510,MDBALT5URN,2021-11-01,4.7
Baltimore City,24510,MDBALT5URN,2021-12-01,3.9
Baltimore City,24510,MDBALT5URN,2022-01-01,5.0
Baltimore City,24510,MDBALT5URN,2022-02-01,4.6
Baltimore City,24510,MDBALT5URN,2022-03-01,4.0
Baltimore City,24510,MDBALT5URN,2022-04-01,3.5
Baltimore City,24510,MDBALT5URN,2022-05-01,3.5
Baltimore City,24510,MDBALT5URN,2022-06-01,4.1
Baltimore City,24510,MDBALT5URN,2022-07-01,4.0
Baltimore City,24510,MDBALT5URN,2022-08-01,4.1
Baltimore City,24510,MDBALT5URN,2022-09-01,3.4
Baltimore City,24510,MDBALT5URN,2022-10-01,3.6
Baltimore City,24510,MDBALT5URN,2022-11-01,3.3
Baltimore City,24510,MDBALT5URN,2022-12-01,2.7
Baltimore City,24510,MDBALT5URN,2023-01-01,3.5
Baltimore City,24510,MDBALT5URN,2023-02-01,3.2
Baltimore City,24510,MDBALT5URN,2023-03-01,2.8
Baltimore City,24510,MDBALT5URN,2023-04-01,2.1
Baltimore City,24510,MDBALT5URN,2023-05-01,2.3
Baltimore City,24510,MDBALT5URN,2023-06-01,2.6
Baltimore City,24510,MDBALT5URN,2023-07-01,2.8
Baltimore City,24510,MDBALT5URN,2023-08-01,3.2
Baltimore City,24510,MDBALT5URN,2023-09-01,2.9
Baltimore City,24510,MDBALT5URN,2023-10-01,3.4
Baltimore City,24510,MDBALT5URN,2023-11-01,3.3
Baltimore City,24510,MDBALT5URN,2023-12-01,3.2
Baltimore City,24510,MDBALT5URN,2024-01-01,4.2
Baltimore City,24510,MDBALT5URN,2024-02-01,4.1
Baltimore City,24510,MDBALT5URN,2024-03-01,3.9
Baltimore City,24510,MDBALT5URN,2024-04-01,3.6
Baltimore City,24510,MDBALT5URN,2024-05-01,3.8
Baltimore City,24510,MDBALT5URN,2024-06-01,4.4
Baltimore City,24510,MDBALT5URN,2024-07-01,4.7
Baltimore City,24510,MDBALT5URN,2024-08-01,4.9
Baltimore City,24510,MDBALT5URN,2024-09-01,4.1
Baltimore City,24510,MDBALT5URN,2024-10-01,4.5
Baltimore City,24510,MDBALT5URN,2024-11-01,4.5
Baltimore City,24510,MDBALT5URN,2024-12-01,4.2
Baltimore City,24510,MDBALT5URN,2025-01-01,5.1
Baltimore City,24510,MDBALT5URN,2025-02-01,5.0
Baltimore City,24510,MDBALT5URN,2025-03-01,4.8
Baltimore City,24510,MDBALT5URN,2025-04-01,4.4
Baltimore City,24510,MDBALT5URN,2025-05-01,4.9
Baltimore City,24510,MDBALT5URN,2025-06-01,5.5
Baltimore City,24510,MDBALT5URN,2025-07-01,5.7
Baltimore City,24510,MDBALT5URN,2025-08-01,6.0
Baltimore City,24510,MDBALT5URN,2025-09-01,5.5
Baltimore City,24510,MDBALT5URN,2025-11-01,5.5
Baltimore City,24510,MDBALT5URN,2025-12-01,5.0
Baltimore City,24510,MDBALT5URN,2026-01-01,6.4
Baltimore City,24510,MDBALT5URN,2026-02-01,6.2
Baltimore City,24510,MDBALT5URN,2026-03-01,5.6
Baltimore City,24510,MDBALT5URN,2026-04-01,5.5
Baltimore City,24510,MDBALT5URN,2026-05-01,5.4
Baltimore City,24510,MDBALT5URN,2026-06-01,5.5
Baltimore City,24510,MDBALT5URN,2026-07-01,5.7
Baltimore County,24005,MDBALT0URN,2020-01-01,3.7
Baltimore County,24005,MDBALT0URN,2020-02-01,3.6
Baltimore County,24005,MDBALT0URN,2020-03-01,4.4
Baltimore County,24005,MDBALT0URN,2020-04-01,9.3
Baltimore County,24005,MDBALT0URN,2020-05-01,9.6
Baltimore County,24005,MDBALT0URN,2020-06-01,8.4
Baltimore County,24005,MDBALT0URN,2020-07-01,8.3
Baltimore County,24005,MDBALT0URN,2020-08-01,7.2
Baltimore County,24005,MDBALT0URN,2020-09-01,7.2
Baltimore County,24005,MDBALT0URN,2020-10-01,6.5
Baltimore County,24005,MDBALT0URN,2020-11-01,6.3
Baltimore County,24005,MDBALT0URN,2020-12-01,6.4
Baltimore County,24005,MDBALT0URN,2021-01-01,6.9
Baltimore County,24005,MDBALT0URN,2021-02-01,6.7
Baltimore County,24005,MDBALT0URN,2021-03-01,6.3
Baltimore County,24005,MDBALT0URN,2021-04-01,5.8
Baltimore County,24005,MDBALT0URN,2021-05-01,5.5
Baltimore County,24005,MDBALT0URN,2021-06-01,6.1
Baltimore County,24005,MDBALT0URN,2021-07-01,5.3
Baltimore County,24005,MDBALT0URN,2021-08-01,5.0
Baltimore County,24005,MDBALT0URN,2021-09-01,4.5
Baltimore County,24005,MDBALT0URN,2021-10-01,4.3
Baltimore County,24005,MDBALT0URN,2021-11-01,3.7
Baltimore County,24005,MDBALT0URN,2021-12-01,3.2
Baltimore County,24005,MDBALT0URN,2022-01-01,3.8
Baltimore County,24005,MDBALT0URN,2022-02-01,3.7
Baltimore County,24005,MDBALT0URN,2022-03-01,3.4
Baltimore County,24005,MDBALT0URN,2022-04-01,2.9
Baltimore County,24005,MDBALT0URN,2022-05-01,3.0
Baltimore County,24005,MDBALT0URN,2022-06-01,3.6
Baltimore County,24005,MDBALT0URN,2022-07-01,3.3
Baltimore County,24005,MDBALT0URN,2022-08-01,3.4
Baltimore County,24005,MDBALT0URN,2022-09-01,2.8
Baltimore County,24005,MDBALT0URN,2022-10-01,2.9
Baltimore County,24005,MDBALT0URN,2022-11-01,2.6
Baltimore County,24005,MDBALT0URN,2022-12-01,2.2
Baltimore County,24005,MDBALT0URN,2023-01-01,2.7
Baltimore County,24005,MDBALT0URN,2023-02-01,2.7
Baltimore County,24005,MDBALT0URN,2023-03-01,2.2
Baltimore County,24005,MDBALT0URN,2023-04-01,1.7
Baltimore County,24005,MDBALT0URN,2023-05-01,1.9
Baltimore County,24005,MDBALT0URN,2023-06-01,2.1
Baltimore County,24005,MDBALT0URN,2023-07-01,2.3
Baltimore County,24005,MDBALT0URN,2023-08-01,2.5
Baltimore County,24005,MDBALT0URN,2023-09-01,2.4
Baltimore County,24005,MDBALT0URN,2023-10-01,2.7
Baltimore County,24005,MDBALT0URN,2023-11-01,2.6
Baltimore County,24005,MDBALT0URN,2023-12-01,2.5
Baltimore County,24005,MDBALT0URN,2024-01-01,3.2
Baltimore County,24005,MDBALT0URN,2024-02-01,3.3
Baltimore County,24005,MDBALT0URN,2024-03-01,3.2
Baltimore County,24005,MDBALT0URN,2024-04-01,2.8
Baltimore County,24005,MDBALT0URN,2024-05-01,2.9
Baltimore County,24005,MDBALT0URN,2024-06-01,3.6
Baltimore County,24005,MDBALT0URN,2024-07-01,3.7
Baltimore County,24005,MDBALT0URN,2024-08-01,3.7
Baltimore County,24005,MDBALT0URN,2024-09-01,3.2
Baltimore County,24005,MDBALT0URN,2024-10-01,3.4
Baltimore County,24005,MDBALT0URN,2024-11-01,3.5
Baltimore County,24005,MDBALT0URN,2024-12-01,3.1
Baltimore County,24005,MDBALT0URN,2025-01-01,3.7
Baltimore County,24005,MDBALT0URN,2025-02-01,3.9
Baltimore County,24005,MDBALT0URN,2025-03-01,3.8
Baltimore County,24005,MDBALT0URN,2025-04-01,3.5
Baltimore County,24005,MDBALT0URN,2025-05-01,3.8
Baltimore County,24005,MDBALT0URN,2025-06-01,4.2
Baltimore County,24005,MDBALT0URN,2025-07-01,4.4
Baltimore County,24005,MDBALT0URN,2025-08-01,4.6
Baltimore County,24005,MDBALT0URN,2025-09-01,4.4
Baltimore County,24005,MDBALT0URN,2025-11-01,4.2
Baltimore County,24005,MDBALT0URN,2025-12-01,3.7
Baltimore County,24005,MDBALT0URN,2026-01-01,4.6
Baltimore County,24005,MDBALT0URN,2026-02-01,4.9
Baltimore County,24005,MDBALT0URN,2026-03-01,4.3
Baltimore County,24005,MDBALT0URN,2026-04-01,4.3
Baltimore County,24005,MDBALT0URN,2026-05-01,3.9
Baltimore County,24005,MDBALT0URN,2026-06-01,4.1
Baltimore County,24005,MDBALT0URN,2026-07-01,4.2
Calvert,24009,MDCALV9URN,2020-01-01,3.0
Calvert,24009,MDCALV9URN,2020-02-01,3.0
Calvert,24009,MDCALV9URN,2020-03-01,3.5
Calvert,24009,MDCALV9URN,2020-04-01,7.3
Calvert,24009,MDCALV9URN,2020-05-01,7.3
Calvert,24009,MDCALV9URN,2020-06-01,6.2
Calvert,24009,MDCALV9URN,2020-07-01,6.1
Calvert,24009,MDCALV9URN,2020-08-01,5.2
Calvert,24009,MDCALV9URN,2020-09-01,5.1
Calvert,24009,MDCALV9URN,2020-10-01,4.7
Calvert,24009,MDCALV9URN,2020-11-01,4.7
Calvert,24009,MDCALV9URN,2020-12-01,4.9
Calvert,24009,MDCALV9URN,2021-01-01,5.0
Calvert,24009,MDCALV9URN,2021-02-01,5.1
Calvert,24009,MDCALV9URN,2021-03-01,4.6
Calvert,24009,MDCALV9URN,2021-04-01,4.2
Calvert,24009,MDCALV9URN,2021-05-01,4.3
Calvert,24009,MDCALV9URN,2021-06-01,5.0
Calvert,24009,MDCALV9URN,2021-07-01,4.4
Calvert,24009,MDCALV9URN,2021-08-01,4.3
Calvert,24009,MDCALV9URN,2021-09-01,3.8
Calvert,24009,MDCALV9URN,2021-10-01,3.6
Calvert,24009,MDCALV9URN,2021-11-01,3.2
Calvert,24009,MDCALV9URN,2021-12-01,2.7
Calvert,24009,MDCALV9URN,2022-01-01,3.2
Calvert,24009,MDCALV9URN,2022-02-01,3.2
Calvert,24009,MDCALV9URN,2022-03-01,3.0
Calvert,24009,MDCALV9URN,2022-04-01,2.6
Calvert,24009,MDCALV9URN,2022-05-01,2.7
Calvert,24009,MDCALV9URN,2022-06-01,3.3
Calvert,24009,MDCALV9URN,2022-07-01,3.1
Calvert,24009,MDCALV9URN,2022-08-01,3.2
Calvert,24009,MDCALV9URN,2022-09-01,2.5
Calvert,24009,MDCALV9URN,2022-10-01,2.6
Calvert,24009,MDCALV9URN,2022-11-01,2.3
Calvert,24009,MDCALV9URN,2022-12-01,1.9
Calvert,24009,MDCALV9URN,2023-01-01,2.3
Calvert,24009,MDCALV9URN,2023-02-01,2.3
Calvert,24009,MDCALV9URN,2023-03-01,1.9
Calvert,24009,MDCALV9URN,2023-04-01,1.4
Calvert,24009,MDCALV9URN,2023-05-01,1.6
Calvert,24009,MDCALV9URN,2023-06-01,1.9
Calvert,24009,MDCALV9URN,2023-07-01,2.1
Calvert,24009,MDCALV9URN,2023-08-01,2.3
Calvert,24009,MDCALV9URN,2023-09-01,2.0
Calvert,24009,MDCALV9URN,2023-10-01,2.2
Calvert,24009,MDCALV9URN,2023-11-01,1.9
Calvert,24009,MDCALV9URN,2023-12-01,2.1
Calvert,24009,MDCALV9URN,2024-01-01,2.5
Calvert,24009,MDCALV9URN,2024-02-01,2.8
Calvert,24009,MDCALV9URN,2024-03-01,2.6
Calvert,24009,MDCALV9URN,2024-04-01,2.2
Calvert,24009,MDCALV9URN,2024-05-01,2.3
Calvert,24009,MDCALV9URN,2024-06-01,3.1
Calvert,24009,MDCALV9URN,2024-07-01,3.3
Calvert,24009,MDCALV9URN,2024-08-01,3.4
Calvert,24009,MDCALV9URN,2024-09-01,2.7
Calvert,24009,MDCALV9URN,2024-10-01,2.9
Calvert,24009,MDCALV9URN,2024-11-01,2.9
Calvert,24009,MDCALV9URN,2024-12-01,2.5
Calvert,24009,MDCALV9URN,2025-01-01,2.9
Calvert,24009,MDCALV9URN,2025-02-01,3.4
Calvert,24009,MDCALV9URN,2025-03-01,3.3
Calvert,24009,MDCALV9URN,2025-04-01,3.1
Calvert,24009,MDCALV9URN,2025-05-01,3.2
Calvert,24009,MDCALV9URN,2025-06-01,3.6
Calvert,24009,MDCALV9URN,2025-07-01,4.0
Calvert,24009,MDCALV9URN,2025-08-01,4.1
Calvert,24009,MDCALV9URN,2025-09-01,3.8
Calvert,24009,MDCALV9URN,2025-11-01,3.6
Calvert,24009,MDCALV9URN,2025-12-01,3.1
Calvert,24009,MDCALV9URN,2026-01-01,3.7
Calvert,24009,MDCALV9URN,2026-02-01,4.2
Calvert,24009,MDCALV9URN,2026-03-01,3.7
Calvert,24009,MDCALV9URN,2026-04-01,3.8
Calvert,24009,MDCALV9URN,2026-05-01,3.3
Calvert,24009,MDCALV9URN,2026-06-01,3.4
Calvert,24009,MDCALV9URN,2026-07-01,3.7
Caroline,24011,MDCARO1URN,2020-01-01,4.0
Caroline,24011,MDCARO1URN,2020-02-01,4.0
Caroline,24011,MDCARO1URN,2020-03-01,4.6
Caroline,24011,MDCARO1URN,2020-04-01,8.1
Caroline,24011,MDCARO1URN,2020-05-01,7.8
Caroline,24011,MDCARO1URN,2020-06-01,6.7
Caroline,24011,MDCARO1URN,2020-07-01,6.4
Caroline,24011,MDCARO1URN,2020-08-01,5.9
Caroline,24011,MDCARO1URN,2020-09-01,6.2
Caroline,24011,MDCARO1URN,2020-10-01,5.6
Caroline,24011,MDCARO1URN,2020-11-01,5.4
Caroline,24011,MDCARO1URN,2020-12-01,5.6
Caroline,24011,MDCARO1URN,2021-01-01,6.5
Caroline,24011,MDCARO1URN,2021-02-01,6.1
Caroline,24011,MDCARO1URN,2021-03-01,5.5
Caroline,24011,MDCARO1URN,2021-04-01,4.8
Caroline,24011,MDCARO1URN,2021-05-01,4.8
Caroline,24011,MDCARO1URN,2021-06-01,5.8
Caroline,24011,MDCARO1URN,2021-07-01,4.7
Caroline,24011,MDCARO1URN,2021-08-01,4.6
Caroline,24011,MDCARO1URN,2021-09-01,4.2
Caroline,24011,MDCARO1URN,2021-10-01,3.9
Caroline,24011,MDCARO1URN,2021-11-01,3.6
Caroline,24011,MDCARO1URN,2021-12-01,3.0
Caroline,24011,MDCARO1URN,2022-01-01,4.0
Caroline,24011,MDCARO1URN,2022-02-01,3.9
Caroline,24011,MDCARO1URN,2022-03-01,3.4
Caroline,24011,MDCARO1URN,2022-04-01,2.7
Caroline,24011,MDCARO1URN,2022-05-01,2.8
Caroline,24011,MDCARO1URN,2022-06-01,3.5
Caroline,24011,MDCARO1URN,2022-07-01,3.1
Caroline,24011,MDCARO1URN,2022-08-01,3.2
Caroline,24011,MDCARO1URN,2022-09-01,2.6
Caroline,24011,MDCARO1URN,2022-10-01,2.8
Caroline,24011,MDCARO1URN,2022-11-01,2.6
Caroline,24011,MDCARO1URN,2022-12-01,2.2
Caroline,24011,MDCARO1URN,2023-01-01,3.0
Caroline,24011,MDCARO1URN,2023-02-01,2.7
Caroline,24011,MDCARO1URN,2023-03-01,2.2
Caroline,24011,MDCARO1URN,2023-04-01,1.6
Caroline,24011,MDCARO1URN,2023-05-01,1.9
Caroline,24011,MDCARO1URN,2023-06-01,2.2
Caroline,24011,MDCARO1URN,2023-07-01,2.3
Caroline,24011,MDCARO1URN,2023-08-01,2.5
Caroline,24011,MDCARO1URN,2023-09-01,2.2
Caroline,24011,MDCARO1URN,2023-10-01,2.4
Caroline,24011,MDCARO1URN,2023-11-01,2.4
Caroline,24011,MDCARO1URN,2023-12-01,2.4
Caroline,24011,MDCARO1URN,2024-01-01,3.2
Caroline,24011,MDCARO1URN,2024-02-01,3.3
Caroline,24011,MDCARO1URN,2024-03-01,3.0
Caroline,24011,MDCARO1URN,2024-04-01,2.7
Caroline,24011,MDCARO1URN,2024-05-01,2.6
Caroline,24011,MDCARO1URN,2024-06-01,3.4
Caroline,24011,MDCARO1URN,2024-07-01,3.5
Caroline,24011,MDCARO1URN,2024-08-01,3.6
Caroline,24011,MDCARO1URN,2024-09-01,3.1
Caroline,24011,MDCARO1URN,2024-10-01,3.2
Caroline,24011,MDCARO1URN,2024-11-01,3.4
Caroline,24011,MDCARO1URN,2024-12-01,3.0
Caroline,24011,MDCARO1URN,2025-01-01,4.0
Caroline,24011,MDCARO1URN,2025-02-01,4.2
Caroline,24011,MDCARO1URN,2025-03-01,3.8
Caroline,24011,MDCARO1URN,2025-04-01,3.5
Caroline,24011,MDCARO1URN,2025-05-01,3.5
Caroline,24011,MDCARO1URN,2025-06-01,3.8
Caroline,24011,MDCARO1URN,2025-07-01,4.1
Caroline,24011,MDCARO1URN,2025-08-01,4.2
Caroline,24011,MDCARO1URN,2025-09-01,4.2
Caroline,24011,MDCARO1URN,2025-11-01,3.8
Caroline,24011,MDCARO1URN,2025-12-01,3.4
Caroline,24011,MDCARO1URN,2026-01-01,4.6
Caroline,24011,MDCARO1URN,2026-02-01,5.2
Caroline,24011,MDCARO1URN,2026-03-01,4.3
Caroline,24011,MDCARO1URN,2026-04-01,4.4
Caroline,24011,MDCARO1URN,2026-05-01,3.6
Caroline,24011,MDCARO1URN,2026-06-01,3.7
Caroline,24011,MDCARO1URN,2026-07-01,4.0
Carroll,24013,MDCARR5URN,2020-01-01,3.0
Carroll,24013,MDCARR5URN,2020-02-01,3.1
Carroll,24013,MDCARR5URN,2020-03-01,3.4
Carroll,24013,MDCARR5URN,2020-04-01,8.0
Carroll,24013,MDCARR5URN,2020-05-01,7.7
Carroll,24013,MDCARR5URN,2020-06-01,6.4
Carroll,24013,MDCARR5URN,2020-07-01,6.1
Carroll,24013,MDCARR5URN,2020-08-01,5.1
Carroll,24013,MDCARR5URN,2020-09-01,4.9
Carroll,24013,MDCARR5URN,2020-10-01,4.3
Carroll,24013,MDCARR5URN,2020-11-01,4.4
Carroll,24013,MDCARR5URN,2020-12-01,4.4
Carroll,24013,MDCARR5URN,2021-01-01,4.8
Carroll,24013,MDCARR5URN,2021-02-01,4.9
Carroll,24013,MDCARR5URN,2021-03-01,4.4
Carroll,24013,MDCARR5URN,2021-04-01,3.9
Carroll,24013,MDCARR5URN,2021-05-01,4.0
Carroll,24013,MDCARR5URN,2021-06-01,4.8
Carroll,24013,MDCARR5URN,2021-07-01,4.1
Carroll,24013,MDCARR5URN,2021-08-01,4.0
Carroll,24013,MDCARR5URN,2021-09-01,3.5
Carroll,24013,MDCARR5URN,2021-10-01,3.3
Carroll,24013,MDCARR5URN,2021-11-01,2.9
Carroll,24013,MDCARR5URN,2021-12-01,2.4
Carroll,24013,MDCARR5URN,2022-01-01,2.8
Carroll,24013,MDCARR5URN,2022-02-01,3.0
Carroll,24013,MDCARR5URN,2022-03-01,2.7
Carroll,24013,MDCARR5URN,2022-04-01,2.1
Carroll,24013,MDCARR5URN,2022-05-01,2.4
Carroll,24013,MDCARR5URN,2022-06-01,3.1
Carroll,24013,MDCARR5URN,2022-07-01,2.8
Carroll,24013,MDCARR5URN,2022-08-01,2.9
Carroll,24013,MDCARR5URN,2022-09-01,2.2
Carroll,24013,MDCARR5URN,2022-10-01,2.3
Carroll,24013,MDCARR5URN,2022-11-01,2.0
Carroll,24013,MDCARR5URN,2022-12-01,1.7
Carroll,24013,MDCARR5URN,2023-01-01,2.1
Carroll,24013,MDCARR5URN,2023-02-01,2.1
Carroll,24013,MDCARR5URN,2023-03-01,1.7
Carroll,24013,MDCARR5URN,2023-04-01,1.2
Carroll,24013,MDCARR5URN,2023-05-01,1.4
Carroll,24013,MDCARR5URN,2023-06-01,1.7
Carroll,24013,MDCARR5URN,2023-07-01,1.9
Carroll,24013,MDCARR5URN,2023-08-01,2.1
Carroll,24013,MDCARR5URN,2023-09-01,1.9
Carroll,24013,MDCARR5URN,2023-10-01,2.0
Carroll,24013,MDCARR5URN,2023-11-01,1.8
Carroll,24013,MDCARR5URN,2023-12-01,1.9
Carroll,24013,MDCARR5URN,2024-01-01,2.4
Carroll,24013,MDCARR5URN,2024-02-01,2.6
Carroll,24013,MDCARR5URN,2024-03-01,2.5
Carroll,24013,MDCARR5URN,2024-04-01,2.0
Carroll,24013,MDCARR5URN,2024-05-01,2.1
Carroll,24013,MDCARR5URN,2024-06-01,2.9
Carroll,24013,MDCARR5URN,2024-07-01,3.1
Carroll,24013,MDCARR5URN,2024-08-01,3.0
Carroll,24013,MDCARR5URN,2024-09-01,2.4
Carroll,24013,MDCARR5URN,2024-10-01,2.6
Carroll,24013,MDCARR5URN,2024-11-01,2.7
Carroll,24013,MDCARR5URN,2024-12-01,2.2
Carroll,24013,MDCARR5URN,2025-01-01,2.8
Carroll,24013,MDCARR5URN,2025-02-01,3.2
Carroll,24013,MDCARR5URN,2025-03-01,3.0
Carroll,24013,MDCARR5URN,2025-04-01,2.7
Carroll,24013,MDCARR5URN,2025-05-01,2.9
Carroll,24013,MDCARR5URN,2025-06-01,3.2
Carroll,24013,MDCARR5URN,2025-07-01,3.6
Carroll,24013,MDCARR5URN,2025-08-01,3.6
Carroll,24013,MDCARR5URN,2025-09-01,3.4
Carroll,24013,MDCARR5URN,2025-11-01,3.1
Carroll,24013,MDCARR5URN,2025-12-01,2.7
Carroll,24013,MDCARR5URN,2026-01-01,3.4
Carroll,24013,MDCARR5URN,2026-02-01,4.0
Carroll,24013,MDCARR5URN,2026-03-01,3.4
Carroll,24013,MDCARR5URN,2026-04-01,3.4
Carroll,24013,MDCARR5URN,2026-05-01,2.8
Carroll,24013,MDCARR5URN,2026-06-01,3.0
Carroll,24013,MDCARR5URN,2026-07-01,3.3
Cecil,24015,MDCECI0URN,2020-01-01,4.1
Cecil,24015,MDCECI0URN,2020-02-01,4.2
Cecil,24015,MDCECI0URN,2020-03-01,4.9
Cecil,24015,MDCECI0URN,2020-04-01,8.6
Cecil,24015,MDCECI0URN,2020-05-01,8.1
Cecil,24015,MDCECI0URN,2020-06-01,7.0
Cecil,24015,MDCECI0URN,2020-07-01,7.0
Cecil,24015,MDCECI0URN,2020-08-01,6.1
Cecil,24015,MDCECI0URN,2020-09-01,6.0
Cecil,24015,MDCECI0URN,2020-10-01,5.4
Cecil,24015,MDCECI0URN,2020-11-01,5.3
Cecil,24015,MDCECI0URN,2020-12-01,5.6
Cecil,24015,MDCECI0URN,2021-01-01,6.1
Cecil,24015,MDCECI0URN,2021-02-01,6.1
Cecil,24015,MDCECI0URN,2021-03-01,5.8
Cecil,24015,MDCECI0URN,2021-04-01,5.2
Cecil,24015,MDCECI0URN,2021-05-01,5.1
Cecil,24015,MDCECI0URN,2021-06-01,5.8
Cecil,24015,MDCECI0URN,2021-07-01,5.3
Cecil,24015,MDCECI0URN,2021-08-01,5.1
Cecil,24015,MDCECI0URN,2021-09-01,4.4
Cecil,24015,MDCECI0URN,2021-10-01,4.2
Cecil,24015,MDCECI0URN,2021-11-01,3.7
Cecil,24015,MDCECI0URN,2021-12-01,3.2
Cecil,24015,MDCECI0URN,2022-01-01,4.1
Cecil,24015,MDCECI0URN,2022-02-01,4.0
Cecil,24015,MDCECI0URN,2022-03-01,3.5
Cecil,24015,MDCECI0URN,2022-04-01,2.8
Cecil,24015,MDCECI0URN,2022-05-01,3.0
Cecil,24015,MDCECI0URN,2022-06-01,3.8
Cecil,24015,MDCECI0URN,2022-07-01,3.6
Cecil,24015,MDCECI0URN,2022-08-01,3.6
Cecil,24015,MDCECI0URN,2022-09-01,2.8
Cecil,24015,MDCECI0URN,2022-10-01,2.9
Cecil,24015,MDCECI0URN,2022-11-01,2.7
Cecil,24015,MDCECI0URN,2022-12-01,2.2
Cecil,24015,MDCECI0URN,2023-01-01,2.9
Cecil,24015,MDCECI0URN,2023-02-01,2.8
Cecil,24015,MDCECI0URN,2023-03-01,2.3
Cecil,24015,MDCECI0URN,2023-04-01,1.7
Cecil,24015,MDCECI0URN,2023-05-01,1.9
Cecil,24015,MDCECI0URN,2023-06-01,2.2
Cecil,24015,MDCECI0URN,2023-07-01,2.5
Cecil,24015,MDCECI0URN,2023-08-01,2.7
Cecil,24015,MDCECI0URN,2023-09-01,2.4
Cecil,24015,MDCECI0URN,2023-10-01,2.8
Cecil,24015,MDCECI0URN,2023-11-01,2.7
Cecil,24015,MDCECI0URN,2023-12-01,2.7
Cecil,24015,MDCECI0URN,2024-01-01,3.6
Cecil,24015,MDCECI0URN,2024-02-01,3.7
Cecil,24015,MDCECI0URN,2024-03-01,3.4
Cecil,24015,MDCECI0URN,2024-04-01,2.8
Cecil,24015,MDCECI0URN,2024-05-01,2.9
Cecil,24015,MDCECI0URN,2024-06-01,3.7
Cecil,24015,MDCECI0URN,2024-07-01,4.1
Cecil,24015,MDCECI0URN,2024-08-01,4.1
Cecil,24015,MDCECI0URN,2024-09-01,3.3
Cecil,24015,MDCECI0URN,2024-10-01,3.6
Cecil,24015,MDCECI0URN,2024-11-01,3.5
Cecil,24015,MDCECI0URN,2024-12-01,3.3
Cecil,24015,MDCECI0URN,2025-01-01,4.0
Cecil,24015,MDCECI0URN,2025-02-01,4.3
Cecil,24015,MDCECI0URN,2025-03-01,3.9
Cecil,24015,MDCECI0URN,2025-04-01,3.5
Cecil,24015,MDCECI0URN,2025-05-01,3.7
Cecil,24015,MDCECI0URN,2025-06-01,4.3
Cecil,24015,MDCECI0URN,2025-07-01,4.7
Cecil,24015,MDCECI0URN,2025-08-01,4.9
Cecil,24015,MDCECI0URN,2025-09-01,4.5
Cecil,24015,MDCECI0URN,2025-11-01,4.2
Cecil,24015,MDCECI0URN,2025-12-01,3.7
Cecil,24015,MDCECI0URN,2026-01-01,4.7
Cecil,24015,MDCECI0URN,2026-02-01,5.1
Cecil,24015,MDCECI0URN,2026-03-01,4.5
Cecil,24015,MDCECI0URN,2026-04-01,4.4
Cecil,24015,MDCECI0URN,2026-05-01,3.8
Cecil,24015,MDCECI0URN,2026-06-01,4.1
Cecil,24015,MDCECI0URN,2026-07-01,4.4
Charles,24017,MDCHAR0URN,2020-01-01,3.4
Charles,24017,MDCHAR0URN,2020-02-01,3.4
Charles,24017,MDCHAR0URN,2020-03-01,4.2
Charles,24017,MDCHAR0URN,2020-04-01,7.9
Charles,24017,MDCHAR0URN,2020-05-01,8.8
Charles,24017,MDCHAR0URN,2020-06-01,8.2
Charles,24017,MDCHAR0URN,2020-07-01,8.1
Charles,24017,MDCHAR0URN,2020-08-01,7.2
Charles,24017,MDCHAR0URN,2020-09-01,7.0
Charles,24017,MDCHAR0URN,2020-10-01,6.5
Charles,24017,MDCHAR0URN,2020-11-01,6.3
Charles,24017,MDCHAR0URN,2020-12-01,6.3
Charles,24017,MDCHAR0URN,2021-01-01,6.4
Charles,24017,MDCHAR0URN,2021-02-01,6.2
Charles,24017,MDCHAR0URN,2021-03-01,6.0
Charles,24017,MDCHAR0URN,2021-04-01,5.6
Charles,24017,MDCHAR0URN,2021-05-01,5.5
Charles,24017,MDCHAR0URN,2021-06-01,6.0
Charles,24017,MDCHAR0URN,2021-07-01,5.5
Charles,24017,MDCHAR0URN,2021-08-01,5.3
Charles,24017,MDCHAR0URN,2021-09-01,4.4
Charles,24017,MDCHAR0URN,2021-10-01,4.1
Charles,24017,MDCHAR0URN,2021-11-01,3.7
Charles,24017,MDCHAR0URN,2021-12-01,3.0
Charles,24017,MDCHAR0URN,2022-01-01,3.7
Charles,24017,MDCHAR0URN,2022-02-01,3.5
Charles,24017,MDCHAR0URN,2022-03-01,3.3
Charles,24017,MDCHAR0URN,2022-04-01,2.8
Charles,24017,MDCHAR0URN,2022-05-01,3.0
Charles,24017,MDCHAR0URN,2022-06-01,3.5
Charles,24017,MDCHAR0URN,2022-07-01,3.3
Charles,24017,MDCHAR0URN,2022-08-01,3.4
Charles,24017,MDCHAR0URN,2022-09-01,2.7
Charles,24017,MDCHAR0URN,2022-10-01,2.8
Charles,24017,MDCHAR0URN,2022-11-01,2.5
Charles,24017,MDCHAR0URN,2022-12-01,2.1
Charles,24017,MDCHAR0URN,2023-01-01,2.6
Charles,24017,MDCHAR0URN,2023-02-01,2.5
Charles,24017,MDCHAR0URN,2023-03-01,2.1
Charles,24017,MDCHAR0URN,2023-04-01,1.6
Charles,24017,MDCHAR0URN,2023-05-01,1.8
Charles,24017,MDCHAR0URN,2023-06-01,2.1
Charles,24017,MDCHAR0URN,2023-07-01,2.3
Charles,24017,MDCHAR0URN,2023-08-01,2.5
Charles,24017,MDCHAR0URN,2023-09-01,2.3
Charles,24017,MDCHAR0URN,2023-10-01,2.6
Charles,24017,MDCHAR0URN,2023-11-01,2.4
Charles,24017,MDCHAR0URN,2023-12-01,2.5
Charles,24017,MDCHAR0URN,2024-01-01,3.1
Charles,24017,MDCHAR0URN,2024-02-01,3.3
Charles,24017,MDCHAR0URN,2024-03-01,3.1
Charles,24017,MDCHAR0URN,2024-04-01,2.7
Charles,24017,MDCHAR0URN,2024-05-01,2.8
Charles,24017,MDCHAR0URN,2024-06-01,3.6
Charles,24017,MDCHAR0URN,2024-07-01,3.7
Charles,24017,MDCHAR0URN,2024-08-01,3.8
Charles,24017,MDCHAR0URN,2024-09-01,3.2
Charles,24017,MDCHAR0URN,2024-10-01,3.4
Charles,24017,MDCHAR0URN,2024-11-01,3.5
Charles,24017,MDCHAR0URN,2024-12-01,3.1
Charles,24017,MDCHAR0URN,2025-01-01,3.6
Charles,24017,MDCHAR0URN,2025-02-01,3.9
Charles,24017,MDCHAR0URN,2025-03-01,3.9
Charles,24017,MDCHAR0URN,2025-04-01,3.6
Charles,24017,MDCHAR0URN,2025-05-01,4.0
Charles,24017,MDCHAR0URN,2025-06-01,4.4
Charles,24017,MDCHAR0URN,2025-07-01,4.7
Charles,24017,MDCHAR0URN,2025-08-01,5.0
Charles,24017,MDCHAR0URN,2025-09-01,4.6
Charles,24017,MDCHAR0URN,2025-11-01,4.7
Charles,24017,MDCHAR0URN,2025-12-01,4.1
Charles,24017,MDCHAR0URN,2026-01-01,5.0
Charles,24017,MDCHAR0URN,2026-02-01,5.2
Charles,24017,MDCHAR0URN,2026-03-01,4.7
Charles,24017,MDCHAR0URN,2026-04-01,4.7
Charles,24017,MDCHAR0URN,2026-05-01,4.3
Charles,24017,MDCHAR0URN,2026-06-01,4.5
Charles,24017,MDCHAR0URN,2026-07-01,4.7
Dorchester,24019,MDDORC9URN,2020-01-01,4.6
Dorchester,24019,MDDORC9URN,2020-02-01,4.4
Dorchester,24019,MDDORC9URN,2020-03-01,5.7
Dorchester,24019,MDDORC9URN,2020-04-01,8.4
Dorchester,24019,MDDORC9URN,2020-05-01,8.3
Dorchester,24019,MDDORC9URN,2020-06-01,7.6
Dorchester,24019,MDDORC9URN,2020-07-01,7.3
Dorchester,24019,MDDORC9URN,2020-08-01,6.6
Dorchester,24019,MDDORC9URN,2020-09-01,6.7
Dorchester,24019,MDDORC9URN,2020-10-01,6.0
Dorchester,24019,MDDORC9URN,2020-11-01,6.1
Dorchester,24019,MDDORC9URN,2020-12-01,6.5
Dorchester,24019,MDDORC9URN,2021-01-01,7.4
Dorchester,24019,MDDORC9URN,2021-02-01,6.9
Dorchester,24019,MDDORC9URN,2021-03-01,6.4
Dorchester,24019,MDDORC9URN,2021-04-01,5.5
Dorchester,24019,MDDORC9URN,2021-05-01,5.5
Dorchester,24019,MDDORC9URN,2021-06-01,6.1
Dorchester,24019,MDDORC9URN,2021-07-01,5.0
Dorchester,24019,MDDORC9URN,2021-08-01,4.8
Dorchester,24019,MDDORC9URN,2021-09-01,4.7
Dorchester,24019,MDDORC9URN,2021-10-01,4.5
Dorchester,24019,MDDORC9URN,2021-11-01,4.1
Dorchester,24019,MDDORC9URN,2021-12-01,3.6
Dorchester,24019,MDDORC9URN,2022-01-01,4.8
Dorchester,24019,MDDORC9URN,2022-02-01,4.6
Dorchester,24019,MDDORC9URN,2022-03-01,3.8
Dorchester,24019,MDDORC9URN,2022-04-01,3.1
Dorchester,24019,MDDORC9URN,2022-05-01,3.1
Dorchester,24019,MDDORC9URN,2022-06-01,3.7
Dorchester,24019,MDDORC9URN,2022-07-01,3.5
Dorchester,24019,MDDORC9URN,2022-08-01,3.6
Dorchester,24019,MDDORC9URN,2022-09-01,3.0
Dorchester,24019,MDDORC9URN,2022-10-01,3.1
Dorchester,24019,MDDORC9URN,2022-11-01,2.9
Dorchester,24019,MDDORC9URN,2022-12-01,2.5
Dorchester,24019,MDDORC9URN,2023-01-01,3.1
Dorchester,24019,MDDORC9URN,2023-02-01,3.0
Dorchester,24019,MDDORC9URN,2023-03-01,2.5
Dorchester,24019,MDDORC9URN,2023-04-01,1.9
Dorchester,24019,MDDORC9URN,2023-05-01,2.0
Dorchester,24019,MDDORC9URN,2023-06-01,2.3
Dorchester,24019,MDDORC9URN,2023-07-01,2.5
Dorchester,24019,MDDORC9URN,2023-08-01,2.7
Dorchester,24019,MDDORC9URN,2023-09-01,2.4
Dorchester,24019,MDDORC9URN,2023-10-01,2.7
Dorchester,24019,MDDORC9URN,2023-11-01,2.7
Dorchester,24019,MDDORC9URN,2023-12-01,2.8
Dorchester,24019,MDDORC9URN,2024-01-01,3.7
Dorchester,24019,MDDORC9URN,2024-02-01,3.8
Dorchester,24019,MDDORC9URN,2024-03-01,3.4
Dorchester,24019,MDDORC9URN,2024-04-01,3.0
Dorchester,24019,MDDORC9URN,2024-05-01,3.0
Dorchester,24019,MDDORC9URN,2024-06-01,3.8
Dorchester,24019,MDDORC9URN,2024-07-01,4.3
Dorchester,24019,MDDORC9URN,2024-08-01,4.4
Dorchester,24019,MDDORC9URN,2024-09-01,3.6
Dorchester,24019,MDDORC9URN,2024-10-01,3.6
Dorchester,24019,MDDORC9URN,2024-11-01,3.8
Dorchester,24019,MDDORC9URN,2024-12-01,3.6
Dorchester,24019,MDDORC9URN,2025-01-01,4.5
Dorchester,24019,MDDORC9URN,2025-02-01,4.5
Dorchester,24019,MDDORC9URN,2025-03-01,4.3
Dorchester,24019,MDDORC9URN,2025-04-01,3.7
Dorchester,24019,MDDORC9URN,2025-05-01,3.9
Dorchester,24019,MDDORC9URN,2025-06-01,4.2
Dorchester,24019,MDDORC9URN,2025-07-01,4.6
Dorchester,24019,MDDORC9URN,2025-08-01,4.9
Dorchester,24019,MDDORC9URN,2025-09-01,4.8
Dorchester,24019,MDDORC9URN,2025-11-01,4.6
Dorchester,24019,MDDORC9URN,2025-12-01,4.3
Dorchester,24019,MDDORC9URN,2026-01-01,5.6
Dorchester,24019,MDDORC9URN,2026-02-01,6.0
Dorchester,24019,MDDORC9URN,2026-03-01,5.1
Dorchester,24019,MDDORC9URN,2026-04-01,4.9
Dorchester,24019,MDDORC9URN,2026-05-01,4.5
Dorchester,24019,MDDORC9URN,2026-06-01,4.1
Dorchester,24019,MDDORC9URN,2026-07-01,4.8
Frederick,24021,MDFRED5URN,2020-01-01,2.9
Frederick,24021,MDFRED5URN,2020-02-01,2.9
Frederick,24021,MDFRED5URN,2020-03-01,3.3
Frederick,24021,MDFRED5URN,2020-04-01,7.7
Frederick,24021,MDFRED5URN,2020-05-01,7.9
Frederick,24021,MDFRED5URN,2020-06-01,6.9
Frederick,24021,MDFRED5URN,2020-07-01,6.5
Frederick,24021,MDFRED5URN,2020-08-01,5.5
Frederick,24021,MDFRED5URN,2020-09-01,5.5
Frederick,24021,MDFRED5URN,2020-10-01,5.0
Frederick,24021,MDFRED5URN,2020-11-01,4.9
Frederick,24021,MDFRED5URN,2020-12-01,5.0
Frederick,24021,MDFRED5URN,2021-01-01,5.1
Frederick,24021,MDFRED5URN,2021-02-01,5.0
Frederick,24021,MDFRED5URN,2021-03-01,4.6
Frederick,24021,MDFRED5URN,2021-04-01,4.1
Frederick,24021,MDFRED5URN,2021-05-01,4.2
Frederick,24021,MDFRED5URN,2021-06-01,4.9
Frederick,24021,MDFRED5URN,2021-07-01,4.1
Frederick,24021,MDFRED5URN,2021-08-01,4.0
Frederick,24021,MDFRED5URN,2021-09-01,3.6
Frederick,24021,MDFRED5URN,2021-10-01,3.4
Frederick,24021,MDFRED5URN,2021-11-01,3.0
Frederick,24021,MDFRED5URN,2021-12-01,2.5
Frederick,24021,MDFRED5URN,2022-01-01,2.9
Frederick,24021,MDFRED5URN,2022-02-01,3.0
Frederick,24021,MDFRED5URN,2022-03-01,2.7
Frederick,24021,MDFRED5URN,2022-04-01,2.2
Frederick,24021,MDFRED5URN,2022-05-01,2.4
Frederick,24021,MDFRED5URN,2022-06-01,3.1
Frederick,24021,MDFRED5URN,2022-07-01,2.7
Frederick,24021,MDFRED5URN,2022-08-01,2.8
Frederick,24021,MDFRED5URN,2022-09-01,2.3
Frederick,24021,MDFRED5URN,2022-10-01,2.4
Frederick,24021,MDFRED5URN,2022-11-01,2.1
Frederick,24021,MDFRED5URN,2022-12-01,1.8
Frederick,24021,MDFRED5URN,2023-01-01,2.1
Frederick,24021,MDFRED5URN,2023-02-01,2.2
Frederick,24021,MDFRED5URN,2023-03-01,1.8
Frederick,24021,MDFRED5URN,2023-04-01,1.3
Frederick,24021,MDFRED5URN,2023-05-01,1.5
Frederick,24021,MDFRED5URN,2023-06-01,1.8
Frederick,24021,MDFRED5URN,2023-07-01,1.9
Frederick,24021,MDFRED5URN,2023-08-01,2.1
Frederick,24021,MDFRED5URN,2023-09-01,2.0
Frederick,24021,MDFRED5URN,2023-10-01,2.2
Frederick,24021,MDFRED5URN,2023-11-01,2.0
Frederick,24021,MDFRED5URN,2023-12-01,2.1
Frederick,24021,MDFRED5URN,2024-01-01,2.5
Frederick,24021,MDFRED5URN,2024-02-01,2.8
Frederick,24021,MDFRED5URN,2024-03-01,2.7
Frederick,24021,MDFRED5URN,2024-04-01,2.2
Frederick,24021,MDFRED5URN,2024-05-01,2.4
Frederick,24021,MDFRED5URN,2024-06-01,3.1
Frederick,24021,MDFRED5URN,2024-07-01,3.1
Frederick,24021,MDFRED5URN,2024-08-01,3.1
Frederick,24021,MDFRED5URN,2024-09-01,2.7
Frederick,24021,MDFRED5URN,2024-10-01,2.9
Frederick,24021,MDFRED5URN,2024-11-01,2.9
Frederick,24021,MDFRED5URN,2024-12-01,2.5
Frederick,24021,MDFRED5URN,2025-01-01,3.0
Frederick,24021,MDFRED5URN,2025-02-01,3.4
Frederick,24021,MDFRED5URN,2025-03-01,3.3
Frederick,24021,MDFRED5URN,2025-04-01,3.1
Frederick,24021,MDFRED5URN,2025-05-01,3.3
Frederick,24021,MDFRED5URN,2025-06-01,3.7
Frederick,24021,MDFRED5URN,2025-07-01,3.8
Frederick,24021,MDFRED5URN,2025-08-01,3.9
Frederick,24021,MDFRED5URN,2025-09-01,3.9
Frederick,24021,MDFRED5URN,2025-11-01,3.7
Frederick,24021,MDFRED5URN,2025-12-01,3.2
Frederick,24021,MDFRED5URN,2026-01-01,3.9
Frederick,24021,MDFRED5URN,2026-02-01,4.4
Frederick,24021,MDFRED5URN,2026-03-01,3.9
Frederick,24021,MDFRED5URN,2026-04-01,3.9
Frederick,24021,MDFRED5URN,2026-05-01,3.4
Frederick,24021,MDFRED5URN,2026-06-01,3.5
Frederick,24021,MDFRED5URN,2026-07-01,3.5
Garrett,24023,MDGARR3URN,2020-01-01,5.5
Garrett,24023,MDGARR3URN,2020-02-01,5.5
Garrett,24023,MDGARR3URN,2020-03-01,6.5
Garrett,24023,MDGARR3URN,2020-04-01,12.5
Garrett,24023,MDGARR3URN,2020-05-01,10.7
Garrett,24023,MDGARR3URN,2020-06-01,7.8
Garrett,24023,MDGARR3URN,2020-07-01,7.2
Garrett,24023,MDGARR3URN,2020-08-01,5.8
Garrett,24023,MDGARR3URN,2020-09-01,5.8
Garrett,24023,MDGARR3URN,2020-10-01,5.2
Garrett,24023,MDGARR3URN,2020-11-01,5.4
Garrett,24023,MDGARR3URN,2020-12-01,6.4
Garrett,24023,MDGARR3URN,2021-01-01,7.6
Garrett,24023,MDGARR3URN,2021-02-01,7.5
Garrett,24023,MDGARR3URN,2021-03-01,6.7
Garrett,24023,MDGARR3URN,2021-04-01,5.3
Garrett,24023,MDGARR3URN,2021-05-01,5.2
Garrett,24023,MDGARR3URN,2021-06-01,5.9
Garrett,24023,MDGARR3URN,2021-07-01,4.9
Garrett,24023,MDGARR3URN,2021-08-01,4.7
Garrett,24023,MDGARR3URN,2021-09-01,4.2
Garrett,24023,MDGARR3URN,2021-10-01,4.3
Garrett,24023,MDGARR3URN,2021-11-01,3.9
Garrett,24023,MDGARR3URN,2021-12-01,3.7
Garrett,24023,MDGARR3URN,2022-01-01,5.2
Garrett,24023,MDGARR3URN,2022-02-01,4.9
Garrett,24023,MDGARR3URN,2022-03-01,4.0
Garrett,24023,MDGARR3URN,2022-04-01,2.9
Garrett,24023,MDGARR3URN,2022-05-01,3.0
Garrett,24023,MDGARR3URN,2022-06-01,4.0
Garrett,24023,MDGARR3URN,2022-07-01,3.7
Garrett,24023,MDGARR3URN,2022-08-01,3.6
Garrett,24023,MDGARR3URN,2022-09-01,2.9
Garrett,24023,MDGARR3URN,2022-10-01,2.9
Garrett,24023,MDGARR3URN,2022-11-01,2.8
Garrett,24023,MDGARR3URN,2022-12-01,2.6
Garrett,24023,MDGARR3URN,2023-01-01,3.8
Garrett,24023,MDGARR3URN,2023-02-01,3.6
Garrett,24023,MDGARR3URN,2023-03-01,2.9
Garrett,24023,MDGARR3URN,2023-04-01,1.8
Garrett,24023,MDGARR3URN,2023-05-01,1.9
Garrett,24023,MDGARR3URN,2023-06-01,2.2
Garrett,24023,MDGARR3URN,2023-07-01,2.4
Garrett,24023,MDGARR3URN,2023-08-01,2.6
Garrett,24023,MDGARR3URN,2023-09-01,2.5
Garrett,24023,MDGARR3URN,2023-10-01,2.7
Garrett,24023,MDGARR3URN,2023-11-01,2.7
Garrett,24023,MDGARR3URN,2023-12-01,3.2
Garrett,24023,MDGARR3URN,2024-01-01,4.4
Garrett,24023,MDGARR3URN,2024-02-01,4.2
Garrett,24023,MDGARR3URN,2024-03-01,3.6
Garrett,24023,MDGARR3URN,2024-04-01,3.1
Garrett,24023,MDGARR3URN,2024-05-01,2.8
Garrett,24023,MDGARR3URN,2024-06-01,3.6
Garrett,24023,MDGARR3URN,2024-07-01,3.8
Garrett,24023,MDGARR3URN,2024-08-01,3.7
Garrett,24023,MDGARR3URN,2024-09-01,3.1
Garrett,24023,MDGARR3URN,2024-10-01,3.3
Garrett,24023,MDGARR3URN,2024-11-01,3.4
Garrett,24023,MDGARR3URN,2024-12-01,3.8
Garrett,24023,MDGARR3URN,2025-01-01,5.4
Garrett,24023,MDGARR3URN,2025-02-01,5.2
Garrett,24023,MDGARR3URN,2025-03-01,4.5
Garrett,24023,MDGARR3URN,2025-04-01,3.8
Garrett,24023,MDGARR3URN,2025-05-01,3.7
Garrett,24023,MDGARR3URN,2025-06-01,4.2
Garrett,24023,MDGARR3URN,2025-07-01,4.3
Garrett,24023,MDGARR3URN,2025-08-01,4.3
Garrett,24023,MDGARR3URN,2025-09-01,4.1
Garrett,24023,MDGARR3URN,2025-11-01,3.9
Garrett,24023,MDGARR3URN,2025-12-01,4.0
Garrett,24023,MDGARR3URN,2026-01-01,5.3
Garrett,24023,MDGARR3URN,2026-02-01,5.7
Garrett,24023,MDGARR3URN,2026-03-01,4.7
Garrett,24023,MDGARR3URN,2026-04-01,4.4
Garrett,24023,MDGARR3URN,2026-05-01,3.6
Garrett,24023,MDGARR3URN,2026-06-01,3.9
Garrett,24023,MDGARR3URN,2026-07-01,4.1
Harford,24025,MDHARF0URN,2020-01-01,3.3
Harford,24025,MDHARF0URN,2020-02-01,3.4
Harford,24025,MDHARF0URN,2020-03-01,3.9
Harford,24025,MDHARF0URN,2020-04-01,8.8
Harford,24025,MDHARF0URN,2020-05-01,8.5
Harford,24025,MDHARF0URN,2020-06-01,7.1
Harford,24025,MDHARF0URN,2020-07-01,6.9
Harford,24025,MDHARF0URN,2020-08-01,5.8
Harford,24025,MDHARF0URN,2020-09-01,5.6
Harford,24025,MDHARF0URN,2020-10-01,4.9
Harford,24025,MDHARF0URN,2020-11-01,4.8
Harford,24025,MDHARF0URN,2020-12-01,5.0
Harford,24025,MDHARF0URN,2021-01-01,5.5
Harford,24025,MDHARF0URN,2021-02-01,5.5
Harford,24025,MDHARF0URN,2021-03-01,5.2
Harford,24025,MDHARF0URN,2021-04-01,4.5
Harford,24025,MDHARF0URN,2021-05-01,4.6
Harford,24025,MDHARF0URN,2021-06-01,5.2
Harford,24025,MDHARF0URN,2021-07-01,4.6
Harford,24025,MDHARF0URN,2021-08-01,4.5
Harford,24025,MDHARF0URN,2021-09-01,3.9
Harford,24025,MDHARF0URN,2021-10-01,3.7
Harford,24025,MDHARF0URN,2021-11-01,3.2
Harford,24025,MDHARF0URN,2021-12-01,2.7
Harford,24025,MDHARF0URN,2022-01-01,3.2
Harford,24025,MDHARF0URN,2022-02-01,3.3
Harford,24025,MDHARF0URN,2022-03-01,3.0
Harford,24025,MDHARF0URN,2022-04-01,2.4
Harford,24025,MDHARF0URN,2022-05-01,2.6
Harford,24025,MDHARF0URN,2022-06-01,3.2
Harford,24025,MDHARF0URN,2022-07-01,3.1
Harford,24025,MDHARF0URN,2022-08-01,3.1
Harford,24025,MDHARF0URN,2022-09-01,2.5
Harford,24025,MDHARF0URN,2022-10-01,2.6
Harford,24025,MDHARF0URN,2022-11-01,2.3
Harford,24025,MDHARF0URN,2022-12-01,1.9
Harford,24025,MDHARF0URN,2023-01-01,2.3
Harford,24025,MDHARF0URN,2023-02-01,2.4
Harford,24025,MDHARF0URN,2023-03-01,2.0
Harford,24025,MDHARF0URN,2023-04-01,1.4
Harford,24025,MDHARF0URN,2023-05-01,1.7
Harford,24025,MDHARF0URN,2023-06-01,1.9
Harford,24025,MDHARF0URN,2023-07-01,2.1
Harford,24025,MDHARF0URN,2023-08-01,2.3
Harford,24025,MDHARF0URN,2023-09-01,2.1
Harford,24025,MDHARF0URN,2023-10-01,2.4
Harford,24025,MDHARF0URN,2023-11-01,2.2
Harford,24025,MDHARF0URN,2023-12-01,2.2
Harford,24025,MDHARF0URN,2024-01-01,2.8
Harford,24025,MDHARF0URN,2024-02-01,3.0
Harford,24025,MDHARF0URN,2024-03-01,2.8
Harford,24025,MDHARF0URN,2024-04-01,2.4
Harford,24025,MDHARF0URN,2024-05-01,2.5
Harford,24025,MDHARF0URN,2024-06-01,3.2
Harford,24025,MDHARF0URN,2024-07-01,3.4
Harford,24025,MDHARF0URN,2024-08-01,3.5
Harford,24025,MDHARF0URN,2024-09-01,2.8
Harford,24025,MDHARF0URN,2024-10-01,3.1
Harford,24025,MDHARF0URN,2024-11-01,3.1
Harford,24025,MDHARF0URN,2024-12-01,2.7
Harford,24025,MDHARF0URN,2025-01-01,3.3
Harford,24025,MDHARF0URN,2025-02-01,3.6
Harford,24025,MDHARF0URN,2025-03-01,3.4
Harford,24025,MDHARF0URN,2025-04-01,3.1
Harford,24025,MDHARF0URN,2025-05-01,3.3
Harford,24025,MDHARF0URN,2025-06-01,3.7
Harford,24025,MDHARF0URN,2025-07-01,4.1
Harford,24025,MDHARF0URN,2025-08-01,4.3
Harford,24025,MDHARF0URN,2025-09-01,3.9
Harford,24025,MDHARF0URN,2025-11-01,3.7
Harford,24025,MDHARF0URN,2025-12-01,3.2
Harford,24025,MDHARF0URN,2026-01-01,4.0
Harford,24025,MDHARF0URN,2026-02-01,4.4
Harford,24025,MDHARF0URN,2026-03-01,3.9
Harford,24025,MDHARF0URN,2026-04-01,3.9
Harford,24025,MDHARF0URN,2026-05-01,3.4
Harford,24025,MDHARF0URN,2026-06-01,3.5
Harford,24025,MDHARF0URN,2026-07-01,3.8
Howard,24027,MDHOWA0URN,2020-01-01,2.7
Howard,24027,MDHOWA0URN,2020-02-01,2.8
Howard,24027,MDHOWA0URN,2020-03-01,3.2
Howard,24027,MDHOWA0URN,2020-04-01,7.4
Howard,24027,MDHOWA0URN,2020-05-01,7.7
Howard,24027,MDHOWA0URN,2020-06-01,7.0
Howard,24027,MDHOWA0URN,2020-07-01,6.6
Howard,24027,MDHOWA0URN,2020-08-01,5.7
Howard,24027,MDHOWA0URN,2020-09-01,5.6
Howard,24027,MDHOWA0URN,2020-10-01,5.1
Howard,24027,MDHOWA0URN,2020-11-01,5.0
Howard,24027,MDHOWA0URN,2020-12-01,5.1
Howard,24027,MDHOWA0URN,2021-01-01,5.3
Howard,24027,MDHOWA0URN,2021-02-01,5.2
Howard,24027,MDHOWA0URN,2021-03-01,4.9
Howard,24027,MDHOWA0URN,2021-04-01,4.4
Howard,24027,MDHOWA0URN,2021-05-01,4.4
Howard,24027,MDHOWA0URN,2021-06-01,5.1
Howard,24027,MDHOWA0URN,2021-07-01,4.3
Howard,24027,MDHOWA0URN,2021-08-01,4.1
Howard,24027,MDHOWA0URN,2021-09-01,3.7
Howard,24027,MDHOWA0URN,2021-10-01,3.5
Howard,24027,MDHOWA0URN,2021-11-01,3.1
Howard,24027,MDHOWA0URN,2021-12-01,2.6
Howard,24027,MDHOWA0URN,2022-01-01,2.9
Howard,24027,MDHOWA0URN,2022-02-01,3.0
Howard,24027,MDHOWA0URN,2022-03-01,2.8
Howard,24027,MDHOWA0URN,2022-04-01,2.3
Howard,24027,MDHOWA0URN,2022-05-01,2.5
Howard,24027,MDHOWA0URN,2022-06-01,3.1
Howard,24027,MDHOWA0URN,2022-07-01,2.8
Howard,24027,MDHOWA0URN,2022-08-01,2.9
Howard,24027,MDHOWA0URN,2022-09-01,2.3
Howard,24027,MDHOWA0URN,2022-10-01,2.4
Howard,24027,MDHOWA0URN,2022-11-01,2.1
Howard,24027,MDHOWA0URN,2022-12-01,1.8
Howard,24027,MDHOWA0URN,2023-01-01,2.0
Howard,24027,MDHOWA0URN,2023-02-01,2.1
Howard,24027,MDHOWA0URN,2023-03-01,1.8
Howard,24027,MDHOWA0URN,2023-04-01,1.3
Howard,24027,MDHOWA0URN,2023-05-01,1.5
Howard,24027,MDHOWA0URN,2023-06-01,1.8
Howard,24027,MDHOWA0URN,2023-07-01,1.9
Howard,24027,MDHOWA0URN,2023-08-01,2.1
Howard,24027,MDHOWA0URN,2023-09-01,2.0
Howard,24027,MDHOWA0URN,2023-10-01,2.2
Howard,24027,MDHOWA0URN,2023-11-01,2.0
Howard,24027,MDHOWA0URN,2023-12-01,2.1
Howard,24027,MDHOWA0URN,2024-01-01,2.5
Howard,24027,MDHOWA0URN,2024-02-01,2.7
Howard,24027,MDHOWA0URN,2024-03-01,2.7
Howard,24027,MDHOWA0URN,2024-04-01,2.2
Howard,24027,MDHOWA0URN,2024-05-01,2.4
Howard,24027,MDHOWA0URN,2024-06-01,3.1
Howard,24027,MDHOWA0URN,2024-07-01,3.2
Howard,24027,MDHOWA0URN,2024-08-01,3.1
Howard,24027,MDHOWA0URN,2024-09-01,2.7
Howard,24027,MDHOWA0URN,2024-10-01,2.9
Howard,24027,MDHOWA0URN,2024-11-01,2.9
Howard,24027,MDHOWA0URN,2024-12-01,2.5
Howard,24027,MDHOWA0URN,2025-01-01,2.9
Howard,24027,MDHOWA0URN,2025-02-01,3.3
Howard,24027,MDHOWA0URN,2025-03-01,3.3
Howard,24027,MDHOWA0URN,2025-04-01,3.0
Howard,24027,MDHOWA0URN,2025-05-01,3.3
Howard,24027,MDHOWA0URN,2025-06-01,3.7
Howard,24027,MDHOWA0URN,2025-07-01,3.9
Howard,24027,MDHOWA0URN,2025-08-01,4.0
Howard,24027,MDHOWA0URN,2025-09-01,3.9
Howard,24027,MDHOWA0URN,2025-11-01,3.6
Howard,24027,MDHOWA0URN,2025-12-01,3.2
Howard,24027,MDHOWA0URN,2026-01-01,3.8
Howard,24027,MDHOWA0URN,2026-02-01,4.2
Howard,24027,MDHOWA0URN,2026-03-01,3.8
Howard,24027,MDHOWA0URN,2026-04-01,3.9
Howard,24027,MDHOWA0URN,2026-05-01,3.4
Howard,24027,MDHOWA0URN,2026-06-01,3.5
Howard,24027,MDHOWA0URN,2026-07-01,3.6
Kent,24029,MDKENT9URN,2020-01-01,5.3
Kent,24029,MDKENT9URN,2020-02-01,5.1
Kent,24029,MDKENT9URN,2020-03-01,5.3
Kent,24029,MDKENT9URN,2020-04-01,9.0
Kent,24029,MDKENT9URN,2020-05-01,8.4
Kent,24029,MDKENT9URN,2020-06-01,8.2
Kent,24029,MDKENT9URN,2020-07-01,8.0
Kent,24029,MDKENT9URN,2020-08-01,6.4
Kent,24029,MDKENT9URN,2020-09-01,7.1
Kent,24029,MDKENT9URN,2020-10-01,5.9
Kent,24029,MDKENT9URN,2020-11-01,6.2
Kent,24029,MDKENT9URN,2020-12-01,6.7
Kent,24029,MDKENT9URN,2021-01-01,8.2
Kent,24029,MDKENT9URN,2021-02-01,7.4
Kent,24029,MDKENT9URN,2021-03-01,6.2
Kent,24029,MDKENT9URN,2021-04-01,5.3
Kent,24029,MDKENT9URN,2021-05-01,5.1
Kent,24029,MDKENT9URN,2021-06-01,6.0
Kent,24029,MDKENT9URN,2021-07-01,5.0
Kent,24029,MDKENT9URN,2021-08-01,4.9
Kent,24029,MDKENT9URN,2021-09-01,4.5
Kent,24029,MDKENT9URN,2021-10-01,4.3
Kent,24029,MDKENT9URN,2021-11-01,4.0
Kent,24029,MDKENT9URN,2021-12-01,3.6
Kent,24029,MDKENT9URN,2022-01-01,5.3
Kent,24029,MDKENT9URN,2022-02-01,4.9
Kent,24029,MDKENT9URN,2022-03-01,3.8
Kent,24029,MDKENT9URN,2022-04-01,3.0
Kent,24029,MDKENT9URN,2022-05-01,3.2
Kent,24029,MDKENT9URN,2022-06-01,3.9
Kent,24029,MDKENT9URN,2022-07-01,3.5
Kent,24029,MDKENT9URN,2022-08-01,3.6
Kent,24029,MDKENT9URN,2022-09-01,3.0
Kent,24029,MDKENT9URN,2022-10-01,3.1
Kent,24029,MDKENT9URN,2022-11-01,3.0
Kent,24029,MDKENT9URN,2022-12-01,2.6
Kent,24029,MDKENT9URN,2023-01-01,4.1
Kent,24029,MDKENT9URN,2023-02-01,3.4
Kent,24029,MDKENT9URN,2023-03-01,2.5
Kent,24029,MDKENT9URN,2023-04-01,1.9
Kent,24029,MDKENT9URN,2023-05-01,2.0
Kent,24029,MDKENT9URN,2023-06-01,2.3
Kent,24029,MDKENT9URN,2023-07-01,2.4
Kent,24029,MDKENT9URN,2023-08-01,2.6
Kent,24029,MDKENT9URN,2023-09-01,2.5
Kent,24029,MDKENT9URN,2023-10-01,2.7
Kent,24029,MDKENT9URN,2023-11-01,2.5
Kent,24029,MDKENT9URN,2023-12-01,2.8
Kent,24029,MDKENT9URN,2024-01-01,4.5
Kent,24029,MDKENT9URN,2024-02-01,4.2
Kent,24029,MDKENT9URN,2024-03-01,3.5
Kent,24029,MDKENT9URN,2024-04-01,2.9
Kent,24029,MDKENT9URN,2024-05-01,2.8
Kent,24029,MDKENT9URN,2024-06-01,3.8
Kent,24029,MDKENT9URN,2024-07-01,3.9
Kent,24029,MDKENT9URN,2024-08-01,3.8
Kent,24029,MDKENT9URN,2024-09-01,3.3
Kent,24029,MDKENT9URN,2024-10-01,3.4
Kent,24029,MDKENT9URN,2024-11-01,3.6
Kent,24029,MDKENT9URN,2024-12-01,3.6
Kent,24029,MDKENT9URN,2025-01-01,5.4
Kent,24029,MDKENT9URN,2025-02-01,5.1
Kent,24029,MDKENT9URN,2025-03-01,4.2
Kent,24029,MDKENT9URN,2025-04-01,3.7
Kent,24029,MDKENT9URN,2025-05-01,3.7
Kent,24029,MDKENT9URN,2025-06-01,4.0
Kent,24029,MDKENT9URN,2025-07-01,4.4
Kent,24029,MDKENT9URN,2025-08-01,4.6
Kent,24029,MDKENT9URN,2025-09-01,4.6
Kent,24029,MDKENT9URN,2025-11-01,4.1
Kent,24029,MDKENT9URN,2025-12-01,4.0
Kent,24029,MDKENT9URN,2026-01-01,5.8
Kent,24029,MDKENT9URN,2026-02-01,5.9
Kent,24029,MDKENT9URN,2026-03-01,4.8
Kent,24029,MDKENT9URN,2026-04-01,4.6
Kent,24029,MDKENT9URN,2026-05-01,3.5
Kent,24029,MDKENT9URN,2026-06-01,3.8
Kent,24029,MDKENT9URN,2026-07-01,3.9
Montgomery,24031,MDMONT0URN,2020-01-01,2.7
Montgomery,24031,MDMONT0URN,2020-02-01,2.7
Montgomery,24031,MDMONT0URN,2020-03-01,3.2
Montgomery,24031,MDMONT0URN,2020-04-01,7.3
Montgomery,24031,MDMONT0URN,2020-05-01,8.2
Montgomery,24031,MDMONT0URN,2020-06-01,7.8
Montgomery,24031,MDMONT0URN,2020-07-01,7.6
Montgomery,24031,MDMONT0URN,2020-08-01,6.6
Montgomery,24031,MDMONT0URN,2020-09-01,6.6
Montgomery,24031,MDMONT0URN,2020-10-01,6.3
Montgomery,24031,MDMONT0URN,2020-11-01,6.1
Montgomery,24031,MDMONT0URN,2020-12-01,5.9
Montgomery,24031,MDMONT0URN,2021-01-01,6.0
Montgomery,24031,MDMONT0URN,2021-02-01,6.0
Montgomery,24031,MDMONT0URN,2021-03-01,5.7
Montgomery,24031,MDMONT0URN,2021-04-01,5.3
Montgomery,24031,MDMONT0URN,2021-05-01,5.1
Montgomery,24031,MDMONT0URN,2021-06-01,5.6
Montgomery,24031,MDMONT0URN,2021-07-01,5.2
Montgomery,24031,MDMONT0URN,2021-08-01,4.9
Montgomery,24031,MDMONT0URN,2021-09-01,4.0
Montgomery,24031,MDMONT0URN,2021-10-01,3.7
Montgomery,24031,MDMONT0URN,2021-11-01,3.4
Montgomery,24031,MDMONT0URN,2021-12-01,2.7
Montgomery,24031,MDMONT0URN,2022-01-01,3.1
Montgomery,24031,MDMONT0URN,2022-02-01,3.1
Montgomery,24031,MDMONT0URN,2022-03-01,2.9
Montgomery,24031,MDMONT0URN,2022-04-01,2.3
Montgomery,24031,MDMONT0URN,2022-05-01,2.5
Montgomery,24031,MDMONT0URN,2022-06-01,3.1
Montgomery,24031,MDMONT0URN,2022-07-01,2.8
Montgomery,24031,MDMONT0URN,2022-08-01,2.8
Montgomery,24031,MDMONT0URN,2022-09-01,2.4
Montgomery,24031,MDMONT0URN,2022-10-01,2.4
Montgomery,24031,MDMONT0URN,2022-11-01,2.1
Montgomery,24031,MDMONT0URN,2022-12-01,1.8
Montgomery,24031,MDMONT0URN,2023-01-01,2.0
Montgomery,24031,MDMONT0URN,2023-02-01,2.2
Montgomery,24031,MDMONT0URN,2023-03-01,1.8
Montgomery,24031,MDMONT0URN,2023-04-01,1.3
Montgomery,24031,MDMONT0URN,2023-05-01,1.5
Montgomery,24031,MDMONT0URN,2023-06-01,1.8
Montgomery,24031,MDMONT0URN,2023-07-01,1.9
Montgomery,24031,MDMONT0URN,2023-08-01,2.1
Montgomery,24031,MDMONT0URN,2023-09-01,2.0
Montgomery,24031,MDMONT0URN,2023-10-01,2.2
Montgomery,24031,MDMONT0URN,2023-11-01,2.0
Montgomery,24031,MDMONT0URN,2023-12-01,2.1
Montgomery,24031,MDMONT0URN,2024-01-01,2.5
Montgomery,24031,MDMONT0URN,2024-02-01,2.8
Montgomery,24031,MDMONT0URN,2024-03-01,2.7
Montgomery,24031,MDMONT0URN,2024-04-01,2.2
Montgomery,24031,MDMONT0URN,2024-05-01,2.4
Montgomery,24031,MDMONT0URN,2024-06-01,3.1
Montgomery,24031,MDMONT0URN,2024-07-01,3.2
Montgomery,24031,MDMONT0URN,2024-08-01,3.1
Montgomery,24031,MDMONT0URN,2024-09-01,2.8
Montgomery,24031,MDMONT0URN,2024-10-01,3.0
Montgomery,24031,MDMONT0URN,2024-11-01,3.0
Montgomery,24031,MDMONT0URN,2024-12-01,2.6
Montgomery,24031,MDMONT0URN,2025-01-01,3.0
Montgomery,24031,MDMONT0URN,2025-02-01,3.5
Montgomery,24031,MDMONT0URN,2025-03-01,3.5
Montgomery,24031,MDMONT0URN,2025-04-01,3.2
Montgomery,24031,MDMONT0URN,2025-05-01,3.6
Montgomery,24031,MDMONT0URN,2025-06-01,4.0
Montgomery,24031,MDMONT0URN,2025-07-01,4.1
Montgomery,24031,MDMONT0URN,2025-08-01,4.2
Montgomery,24031,MDMONT0URN,2025-09-01,4.2
Montgomery,24031,MDMONT0URN,2025-11-01,4.0
Montgomery,24031,MDMONT0URN,2025-12-01,3.5
Montgomery,24031,MDMONT0URN,2026-01-01,4.2
Montgomery,24031,MDMONT0URN,2026-02-01,4.6
Montgomery,24031,MDMONT0URN,2026-03-01,4.1
Montgomery,24031,MDMONT0URN,2026-04-01,4.1
Montgomery,24031,MDMONT0URN,2026-05-01,3.6
Montgomery,24031,MDMONT0URN,2026-06-01,3.7
Montgomery,24031,MDMONT0URN,2026-07-01,3.7
Prince George's,24033,MDPRIN5URN,2020-01-01,3.5
Prince George's,24033,MDPRIN5URN,2020-02-01,3.5
Prince George's,24033,MDPRIN5URN,2020-03-01,4.3
Prince George's,24033,MDPRIN5URN,2020-04-01,8.4
Prince George's,24033,MDPRIN5URN,2020-05-01,10.0
Prince George's,24033,MDPRIN5URN,2020-06-01,9.8
Prince George's,24033,MDPRIN5URN,2020-07-01,9.7
Prince George's,24033,MDPRIN5URN,2020-08-01,8.9
Prince George's,24033,MDPRIN5URN,2020-09-01,9.0
Prince George's,24033,MDPRIN5URN,2020-10-01,8.7
Prince George's,24033,MDPRIN5URN,2020-11-01,8.5
Prince George's,24033,MDPRIN5URN,2020-12-01,8.3
Prince George's,24033,MDPRIN5URN,2021-01-01,8.2
Prince George's,24033,MDPRIN5URN,2021-02-01,8.0
Prince George's,24033,MDPRIN5URN,2021-03-01,7.9
Prince George's,24033,MDPRIN5URN,2021-04-01,7.6
Prince George's,24033,MDPRIN5URN,2021-05-01,7.1
Prince George's,24033,MDPRIN5URN,2021-06-01,7.4
Prince George's,24033,MDPRIN5URN,2021-07-01,7.2
Prince George's,24033,MDPRIN5URN,2021-08-01,7.0
Prince George's,24033,MDPRIN5URN,2021-09-01,5.4
Prince George's,24033,MDPRIN5URN,2021-10-01,4.9
Prince George's,24033,MDPRIN5URN,2021-11-01,4.6
Prince George's,24033,MDPRIN5URN,2021-12-01,3.5
Prince George's,24033,MDPRIN5URN,2022-01-01,4.3
Prince George's,24033,MDPRIN5URN,2022-02-01,3.9
Prince George's,24033,MDPRIN5URN,2022-03-01,3.6
Prince George's,24033,MDPRIN5URN,2022-04-01,3.1
Prince George's,24033,MDPRIN5URN,2022-05-01,3.2
Prince George's,24033,MDPRIN5URN,2022-06-01,3.6
Prince George's,24033,MDPRIN5URN,2022-07-01,3.4
Prince George's,24033,MDPRIN5URN,2022-08-01,3.4
Prince George's,24033,MDPRIN5URN,2022-09-01,2.8
Prince George's,24033,MDPRIN5URN,2022-10-01,3.0
Prince George's,24033,MDPRIN5URN,2022-11-01,2.7
Prince George's,24033,MDPRIN5URN,2022-12-01,2.2
Prince George's,24033,MDPRIN5URN,2023-01-01,2.7
Prince George's,24033,MDPRIN5URN,2023-02-01,2.7
Prince George's,24033,MDPRIN5URN,2023-03-01,2.3
Prince George's,24033,MDPRIN5URN,2023-04-01,1.7
Prince George's,24033,MDPRIN5URN,2023-05-01,1.9
Prince George's,24033,MDPRIN5URN,2023-06-01,2.1
Prince George's,24033,MDPRIN5URN,2023-07-01,2.3
Prince George's,24033,MDPRIN5URN,2023-08-01,2.5
Prince George's,24033,MDPRIN5URN,2023-09-01,2.4
Prince George's,24033,MDPRIN5URN,2023-10-01,2.7
Prince George's,24033,MDPRIN5URN,2023-11-01,2.6
Prince George's,24033,MDPRIN5URN,2023-12-01,2.6
Prince George's,24033,MDPRIN5URN,2024-01-01,3.2
Prince George's,24033,MDPRIN5URN,2024-02-01,3.4
Prince George's,24033,MDPRIN5URN,2024-03-01,3.2
Prince George's,24033,MDPRIN5URN,2024-04-01,2.8
Prince George's,24033,MDPRIN5URN,2024-05-01,3.0
Prince George's,24033,MDPRIN5URN,2024-06-01,3.7
Prince George's,24033,MDPRIN5URN,2024-07-01,3.8
Prince George's,24033,MDPRIN5URN,2024-08-01,3.8
Prince George's,24033,MDPRIN5URN,2024-09-01,3.3
Prince George's,24033,MDPRIN5URN,2024-10-01,3.6
Prince George's,24033,MDPRIN5URN,2024-11-01,3.6
Prince George's,24033,MDPRIN5URN,2024-12-01,3.3
Prince George's,24033,MDPRIN5URN,2025-01-01,3.9
Prince George's,24033,MDPRIN5URN,2025-02-01,4.1
Prince George's,24033,MDPRIN5URN,2025-03-01,4.1
Prince George's,24033,MDPRIN5URN,2025-04-01,3.7
Prince George's,24033,MDPRIN5URN,2025-05-01,4.2
Prince George's,24033,MDPRIN5URN,2025-06-01,4.7
Prince George's,24033,MDPRIN5URN,2025-07-01,4.7
Prince George's,24033,MDPRIN5URN,2025-08-01,5.0
Prince George's,24033,MDPRIN5URN,2025-09-01,4.7
Prince George's,24033,MDPRIN5URN,2025-11-01,4.8
Prince George's,24033,MDPRIN5URN,2025-12-01,4.2
Prince George's,24033,MDPRIN5URN,2026-01-01,5.2
Prince George's,24033,MDPRIN5URN,2026-02-01,5.4
Prince George's,24033,MDPRIN5URN,2026-03-01,4.9
Prince George's,24033,MDPRIN5URN,2026-04-01,4.9
Prince George's,24033,MDPRIN5URN,2026-05-01,4.6
Prince George's,24033,MDPRIN5URN,2026-06-01,4.7
Prince George's,24033,MDPRIN5URN,2026-07-01,4.7
Queen Anne's,24035,MDQUEE5URN,2020-01-01,3.3
Queen Anne's,24035,MDQUEE5URN,2020-02-01,3.3
Queen Anne's,24035,MDQUEE5URN,2020-03-01,3.6
Queen Anne's,24035,MDQUEE5URN,2020-04-01,8.9
Queen Anne's,24035,MDQUEE5URN,2020-05-01,8.5
Queen Anne's,24035,MDQUEE5URN,2020-06-01,6.9
Queen Anne's,24035,MDQUEE5URN,2020-07-01,6.3
Queen Anne's,24035,MDQUEE5URN,2020-08-01,5.3
Queen Anne's,24035,MDQUEE5URN,2020-09-01,5.1
Queen Anne's,24035,MDQUEE5URN,2020-10-01,4.6
Queen Anne's,24035,MDQUEE5URN,2020-11-01,4.5
Queen Anne's,24035,MDQUEE5URN,2020-12-01,4.8
Queen Anne's,24035,MDQUEE5URN,2021-01-01,5.2
Queen Anne's,24035,MDQUEE5URN,2021-02-01,5.1
Queen Anne's,24035,MDQUEE5URN,2021-03-01,4.7
Queen Anne's,24035,MDQUEE5URN,2021-04-01,4.1
Queen Anne's,24035,MDQUEE5URN,2021-05-01,4.1
Queen Anne's,24035,MDQUEE5URN,2021-06-01,4.8
Queen Anne's,24035,MDQUEE5URN,2021-07-01,4.1
Queen Anne's,24035,MDQUEE5URN,2021-08-01,3.9
Queen Anne's,24035,MDQUEE5URN,2021-09-01,3.7
Queen Anne's,24035,MDQUEE5URN,2021-10-01,3.4
Queen Anne's,24035,MDQUEE5URN,2021-11-01,3.0
Queen Anne's,24035,MDQUEE5URN,2021-12-01,2.6
Queen Anne's,24035,MDQUEE5URN,2022-01-01,3.2
Queen Anne's,24035,MDQUEE5URN,2022-02-01,3.2
Queen Anne's,24035,MDQUEE5URN,2022-03-01,2.8
Queen Anne's,24035,MDQUEE5URN,2022-04-01,2.1
Queen Anne's,24035,MDQUEE5URN,2022-05-01,2.3
Queen Anne's,24035,MDQUEE5URN,2022-06-01,3.0
Queen Anne's,24035,MDQUEE5URN,2022-07-01,2.8
Queen Anne's,24035,MDQUEE5URN,2022-08-01,2.8
Queen Anne's,24035,MDQUEE5URN,2022-09-01,2.3
Queen Anne's,24035,MDQUEE5URN,2022-10-01,2.4
Queen Anne's,24035,MDQUEE5URN,2022-11-01,2.2
Queen Anne's,24035,MDQUEE5URN,2022-12-01,1.8
Queen Anne's,24035,MDQUEE5URN,2023-01-01,2.3
Queen Anne's,24035,MDQUEE5URN,2023-02-01,2.3
Queen Anne's,24035,MDQUEE5URN,2023-03-01,1.7
Queen Anne's,24035,MDQUEE5URN,2023-04-01,1.2
Queen Anne's,24035,MDQUEE5URN,2023-05-01,1.5
Queen Anne's,24035,MDQUEE5URN,2023-06-01,1.7
Queen Anne's,24035,MDQUEE5URN,2023-07-01,1.9
Queen Anne's,24035,MDQUEE5URN,2023-08-01,2.0
Queen Anne's,24035,MDQUEE5URN,2023-09-01,1.9
Queen Anne's,24035,MDQUEE5URN,2023-10-01,2.0
Queen Anne's,24035,MDQUEE5URN,2023-11-01,1.8
Queen Anne's,24035,MDQUEE5URN,2023-12-01,2.0
Queen Anne's,24035,MDQUEE5URN,2024-01-01,2.5
Queen Anne's,24035,MDQUEE5URN,2024-02-01,2.7
Queen Anne's,24035,MDQUEE5URN,2024-03-01,2.5
Queen Anne's,24035,MDQUEE5URN,2024-04-01,2.0
Queen Anne's,24035,MDQUEE5URN,2024-05-01,2.2
Queen Anne's,24035,MDQUEE5URN,2024-06-01,3.0
Queen Anne's,24035,MDQUEE5URN,2024-07-01,3.0
Queen Anne's,24035,MDQUEE5URN,2024-08-01,2.9
Queen Anne's,24035,MDQUEE5URN,2024-09-01,2.5
Queen Anne's,24035,MDQUEE5URN,2024-10-01,2.7
Queen Anne's,24035,MDQUEE5URN,2024-11-01,2.8
Queen Anne's,24035,MDQUEE5URN,2024-12-01,2.3
Queen Anne's,24035,MDQUEE5URN,2025-01-01,2.9
Queen Anne's,24035,MDQUEE5URN,2025-02-01,3.2
Queen Anne's,24035,MDQUEE5URN,2025-03-01,3.0
Queen Anne's,24035,MDQUEE5URN,2025-04-01,2.7
Queen Anne's,24035,MDQUEE5URN,2025-05-01,2.8
Queen Anne's,24035,MDQUEE5URN,2025-06-01,3.2
Queen Anne's,24035,MDQUEE5URN,2025-07-01,3.4
Queen Anne's,24035,MDQUEE5URN,2025-08-01,3.5
Queen Anne's,24035,MDQUEE5URN,2025-09-01,3.5
Queen Anne's,24035,MDQUEE5URN,2025-11-01,3.3
Queen Anne's,24035,MDQUEE5URN,2025-12-01,2.9
Queen Anne's,24035,MDQUEE5URN,2026-01-01,3.6
Queen Anne's,24035,MDQUEE5URN,2026-02-01,4.2
Queen Anne's,24035,MDQUEE5URN,2026-03-01,3.5
Queen Anne's,24035,MDQUEE5URN,2026-04-01,3.5
Queen Anne's,24035,MDQUEE5URN,2026-05-01,2.9
Queen Anne's,24035,MDQUEE5URN,2026-06-01,3.0
Queen Anne's,24035,MDQUEE5URN,2026-07-01,3.2
Somerset,24039,MDSOME9URN,2020-01-01,6.2
Somerset,24039,MDSOME9URN,2020-02-01,5.4
Somerset,24039,MDSOME9URN,2020-03-01,6.5
Somerset,24039,MDSOME9URN,2020-04-01,9.1
Somerset,24039,MDSOME9URN,2020-05-01,9.2
Somerset,24039,MDSOME9URN,2020-06-01,8.5
Somerset,24039,MDSOME9URN,2020-07-01,8.5
Somerset,24039,MDSOME9URN,2020-08-01,7.5
Somerset,24039,MDSOME9URN,2020-09-01,7.7
Somerset,24039,MDSOME9URN,2020-10-01,6.7
Somerset,24039,MDSOME9URN,2020-11-01,6.8
Somerset,24039,MDSOME9URN,2020-12-01,7.5
Somerset,24039,MDSOME9URN,2021-01-01,8.3
Somerset,24039,MDSOME9URN,2021-02-01,7.5
Somerset,24039,MDSOME9URN,2021-03-01,6.9
Somerset,24039,MDSOME9URN,2021-04-01,6.5
Somerset,24039,MDSOME9URN,2021-05-01,6.2
Somerset,24039,MDSOME9URN,2021-06-01,7.5
Somerset,24039,MDSOME9URN,2021-07-01,6.4
Somerset,24039,MDSOME9URN,2021-08-01,6.2
Somerset,24039,MDSOME9URN,2021-09-01,5.3
Somerset,24039,MDSOME9URN,2021-10-01,5.2
Somerset,24039,MDSOME9URN,2021-11-01,4.5
Somerset,24039,MDSOME9URN,2021-12-01,4.0
Somerset,24039,MDSOME9URN,2022-01-01,5.4
Somerset,24039,MDSOME9URN,2022-02-01,4.9
Somerset,24039,MDSOME9URN,2022-03-01,4.2
Somerset,24039,MDSOME9URN,2022-04-01,3.6
Somerset,24039,MDSOME9URN,2022-05-01,3.5
Somerset,24039,MDSOME9URN,2022-06-01,4.4
Somerset,24039,MDSOME9URN,2022-07-01,4.3
Somerset,24039,MDSOME9URN,2022-08-01,4.5
Somerset,24039,MDSOME9URN,2022-09-01,3.4
Somerset,24039,MDSOME9URN,2022-10-01,3.7
Somerset,24039,MDSOME9URN,2022-11-01,3.3
Somerset,24039,MDSOME9URN,2022-12-01,3.0
Somerset,24039,MDSOME9URN,2023-01-01,4.1
Somerset,24039,MDSOME9URN,2023-02-01,3.4
Somerset,24039,MDSOME9URN,2023-03-01,2.8
Somerset,24039,MDSOME9URN,2023-04-01,2.2
Somerset,24039,MDSOME9URN,2023-05-01,2.3
Somerset,24039,MDSOME9URN,2023-06-01,2.7
Somerset,24039,MDSOME9URN,2023-07-01,3.0
Somerset,24039,MDSOME9URN,2023-08-01,3.4
Somerset,24039,MDSOME9URN,2023-09-01,3.0
Somerset,24039,MDSOME9URN,2023-10-01,3.4
Somerset,24039,MDSOME9URN,2023-11-01,3.2
Somerset,24039,MDSOME9URN,2023-12-01,3.3
Somerset,24039,MDSOME9URN,2024-01-01,4.5
Somerset,24039,MDSOME9URN,2024-02-01,4.4
Somerset,24039,MDSOME9URN,2024-03-01,4.2
Somerset,24039,MDSOME9URN,2024-04-01,3.4
Somerset,24039,MDSOME9URN,2024-05-01,3.5
Somerset,24039,MDSOME9URN,2024-06-01,4.7
Somerset,24039,MDSOME9URN,2024-07-01,4.8
Somerset,24039,MDSOME9URN,2024-08-01,4.7
Somerset,24039,MDSOME9URN,2024-09-01,3.8
Somerset,24039,MDSOME9URN,2024-10-01,4.2
Somerset,24039,MDSOME9URN,2024-11-01,4.5
Somerset,24039,MDSOME9URN,2024-12-01,4.1
Somerset,24039,MDSOME9URN,2025-01-01,5.5
Somerset,24039,MDSOME9URN,2025-02-01,5.1
Somerset,24039,MDSOME9URN,2025-03-01,4.6
Somerset,24039,MDSOME9URN,2025-04-01,4.3
Somerset,24039,MDSOME9URN,2025-05-01,4.4
Somerset,24039,MDSOME9URN,2025-06-01,5.1
Somerset,24039,MDSOME9URN,2025-07-01,5.3
Somerset,24039,MDSOME9URN,2025-08-01,5.4
Somerset,24039,MDSOME9URN,2025-09-01,5.0
Somerset,24039,MDSOME9URN,2025-11-01,4.6
Somerset,24039,MDSOME9URN,2025-12-01,4.1
Somerset,24039,MDSOME9URN,2026-01-01,5.4
Somerset,24039,MDSOME9URN,2026-02-01,5.8
Somerset,24039,MDSOME9URN,2026-03-01,5.0
Somerset,24039,MDSOME9URN,2026-04-01,5.2
Somerset,24039,MDSOME9URN,2026-05-01,4.2
Somerset,24039,MDSOME9URN,2026-06-01,4.8
Somerset,24039,MDSOME9URN,2026-07-01,4.9
St. Mary's,24037,MDSTMA5URN,2020-01-01,3.1
St. Mary's,24037,MDSTMA5URN,2020-02-01,3.1
St. Mary's,24037,MDSTMA5URN,2020-03-01,3.6
St. Mary's,24037,MDSTMA5URN,2020-04-01,6.1
St. Mary's,24037,MDSTMA5URN,2020-05-01,6.2
St. Mary's,24037,MDSTMA5URN,2020-06-01,5.6
St. Mary's,24037,MDSTMA5URN,2020-07-01,5.8
St. Mary's,24037,MDSTMA5URN,2020-08-01,4.9
St. Mary's,24037,MDSTMA5URN,2020-09-01,4.6
St. Mary's,24037,MDSTMA5URN,2020-10-01,4.2
St. Mary's,24037,MDSTMA5URN,2020-11-01,4.2
St. Mary's,24037,MDSTMA5URN,2020-12-01,4.4
St. Mary's,24037,MDSTMA5URN,2021-01-01,4.7
St. Mary's,24037,MDSTMA5URN,2021-02-01,4.8
St. Mary's,24037,MDSTMA5URN,2021-03-01,4.4
St. Mary's,24037,MDSTMA5URN,2021-04-01,4.1
St. Mary's,24037,MDSTMA5URN,2021-05-01,4.1
St. Mary's,24037,MDSTMA5URN,2021-06-01,4.8
St. Mary's,24037,MDSTMA5URN,2021-07-01,4.3
St. Mary's,24037,MDSTMA5URN,2021-08-01,4.3
St. Mary's,24037,MDSTMA5URN,2021-09-01,3.7
St. Mary's,24037,MDSTMA5URN,2021-10-01,3.5
St. Mary's,24037,MDSTMA5URN,2021-11-01,3.1
St. Mary's,24037,MDSTMA5URN,2021-12-01,2.7
St. Mary's,24037,MDSTMA5URN,2022-01-01,3.1
St. Mary's,24037,MDSTMA5URN,2022-02-01,3.2
St. Mary's,24037,MDSTMA5URN,2022-03-01,2.9
St. Mary's,24037,MDSTMA5URN,2022-04-01,2.5
St. Mary's,24037,MDSTMA5URN,2022-05-01,2.7
St. Mary's,24037,MDSTMA5URN,2022-06-01,3.4
St. Mary's,24037,MDSTMA5URN,2022-07-01,3.3
St. Mary's,24037,MDSTMA5URN,2022-08-01,3.4
St. Mary's,24037,MDSTMA5URN,2022-09-01,2.5
St. Mary's,24037,MDSTMA5URN,2022-10-01,2.6
St. Mary's,24037,MDSTMA5URN,2022-11-01,2.3
St. Mary's,24037,MDSTMA5URN,2022-12-01,2.0
St. Mary's,24037,MDSTMA5URN,2023-01-01,2.4
St. Mary's,24037,MDSTMA5URN,2023-02-01,2.4
St. Mary's,24037,MDSTMA5URN,2023-03-01,1.9
St. Mary's,24037,MDSTMA5URN,2023-04-01,1.4
St. Mary's,24037,MDSTMA5URN,2023-05-01,1.6
St. Mary's,24037,MDSTMA5URN,2023-06-01,2.0
St. Mary's,24037,MDSTMA5URN,2023-07-01,2.2
St. Mary's,24037,MDSTMA5URN,2023-08-01,2.4
St. Mary's,24037,MDSTMA5URN,2023-09-01,2.1
St. Mary's,24037,MDSTMA5URN,2023-10-01,2.2
St. Mary's,24037,MDSTMA5URN,2023-11-01,2.0
St. Mary's,24037,MDSTMA5URN,2023-12-01,2.2
St. Mary's,24037,MDSTMA5URN,2024-01-01,2.7
St. Mary's,24037,MDSTMA5URN,2024-02-01,2.9
St. Mary's,24037,MDSTMA5URN,2024-03-01,2.7
St. Mary's,24037,MDSTMA5URN,2024-04-01,2.2
St. Mary's,24037,MDSTMA5URN,2024-05-01,2.4
St. Mary's,24037,MDSTMA5URN,2024-06-01,3.4
St. Mary's,24037,MDSTMA5URN,2024-07-01,3.5
St. Mary's,24037,MDSTMA5URN,2024-08-01,3.5
St. Mary's,24037,MDSTMA5URN,2024-09-01,2.7
St. Mary's,24037,MDSTMA5URN,2024-10-01,2.9
St. Mary's,24037,MDSTMA5URN,2024-11-01,3.0
St. Mary's,24037,MDSTMA5URN,2024-12-01,2.5
St. Mary's,24037,MDSTMA5URN,2025-01-01,3.0
St. Mary's,24037,MDSTMA5URN,2025-02-01,3.4
St. Mary's,24037,MDSTMA5URN,2025-03-01,3.2
St. Mary's,24037,MDSTMA5URN,2025-04-01,3.0
St. Mary's,24037,MDSTMA5URN,2025-05-01,3.2
St. Mary's,24037,MDSTMA5URN,2025-06-01,3.6
St. Mary's,24037,MDSTMA5URN,2025-07-01,4.1
St. Mary's,24037,MDSTMA5URN,2025-08-01,4.1
St. Mary's,24037,MDSTMA5URN,2025-09-01,3.8
St. Mary's,24037,MDSTMA5URN,2025-11-01,3.6
St. Mary's,24037,MDSTMA5URN,2025-12-01,3.0
St. Mary's,24037,MDSTMA5URN,2026-01-01,3.7
St. Mary's,24037,MDSTMA5URN,2026-02-01,4.2
St. Mary's,24037,MDSTMA5URN,2026-03-01,3.7
St. Mary's,24037,MDSTMA5URN,2026-04-01,3.9
St. Mary's,24037,MDSTMA5URN,2026-05-01,3.2
St. Mary's,24037,MDSTMA5URN,2026-06-01,3.5
St. Mary's,24037,MDSTMA5URN,2026-07-01,3.9
Talbot,24041,MDTALB1URN,2020-01-01,4.2
Talbot,24041,MDTALB1URN,2020-02-01,4.2
Talbot,24041,MDTALB1URN,2020-03-01,4.8
Talbot,24041,MDTALB1URN,2020-04-01,10.2
Talbot,24041,MDTALB1URN,2020-05-01,9.2
Talbot,24041,MDTALB1URN,2020-06-01,7.5
Talbot,24041,MDTALB1URN,2020-07-01,7.1
Talbot,24041,MDTALB1URN,2020-08-01,5.7
Talbot,24041,MDTALB1URN,2020-09-01,5.5
Talbot,24041,MDTALB1URN,2020-10-01,5.5
Talbot,24041,MDTALB1URN,2020-11-01,5.8
Talbot,24041,MDTALB1URN,2020-12-01,6.2
Talbot,24041,MDTALB1URN,2021-01-01,7.8
Talbot,24041,MDTALB1URN,2021-02-01,7.2
Talbot,24041,MDTALB1URN,2021-03-01,6.3
Talbot,24041,MDTALB1URN,2021-04-01,5.2
Talbot,24041,MDTALB1URN,2021-05-01,5.1
Talbot,24041,MDTALB1URN,2021-06-01,6.1
Talbot,24041,MDTALB1URN,2021-07-01,4.9
Talbot,24041,MDTALB1URN,2021-08-01,4.7
Talbot,24041,MDTALB1URN,2021-09-01,4.7
Talbot,24041,MDTALB1URN,2021-10-01,4.4
Talbot,24041,MDTALB1URN,2021-11-01,4.1
Talbot,24041,MDTALB1URN,2021-12-01,3.5
Talbot,24041,MDTALB1URN,2022-01-01,4.6
Talbot,24041,MDTALB1URN,2022-02-01,4.5
Talbot,24041,MDTALB1URN,2022-03-01,3.7
Talbot,24041,MDTALB1URN,2022-04-01,2.7
Talbot,24041,MDTALB1URN,2022-05-01,3.0
Talbot,24041,MDTALB1URN,2022-06-01,3.8
Talbot,24041,MDTALB1URN,2022-07-01,3.4
Talbot,24041,MDTALB1URN,2022-08-01,3.4
Talbot,24041,MDTALB1URN,2022-09-01,2.9
Talbot,24041,MDTALB1URN,2022-10-01,3.0
Talbot,24041,MDTALB1URN,2022-11-01,3.0
Talbot,24041,MDTALB1URN,2022-12-01,2.5
Talbot,24041,MDTALB1URN,2023-01-01,3.1
Talbot,24041,MDTALB1URN,2023-02-01,2.9
Talbot,24041,MDTALB1URN,2023-03-01,2.2
Talbot,24041,MDTALB1URN,2023-04-01,1.5
Talbot,24041,MDTALB1URN,2023-05-01,1.7
Talbot,24041,MDTALB1URN,2023-06-01,2.1
Talbot,24041,MDTALB1URN,2023-07-01,2.3
Talbot,24041,MDTALB1URN,2023-08-01,2.5
Talbot,24041,MDTALB1URN,2023-09-01,2.4
Talbot,24041,MDTALB1URN,2023-10-01,2.6
Talbot,24041,MDTALB1URN,2023-11-01,2.6
Talbot,24041,MDTALB1URN,2023-12-01,2.7
Talbot,24041,MDTALB1URN,2024-01-01,3.5
Talbot,24041,MDTALB1URN,2024-02-01,3.6
Talbot,24041,MDTALB1URN,2024-03-01,3.3
Talbot,24041,MDTALB1URN,2024-04-01,2.9
Talbot,24041,MDTALB1URN,2024-05-01,2.9
Talbot,24041,MDTALB1URN,2024-06-01,3.7
Talbot,24041,MDTALB1URN,2024-07-01,3.8
Talbot,24041,MDTALB1URN,2024-08-01,3.9
Talbot,24041,MDTALB1URN,2024-09-01,3.4
Talbot,24041,MDTALB1URN,2024-10-01,3.4
Talbot,24041,MDTALB1URN,2024-11-01,3.5
Talbot,24041,MDTALB1URN,2024-12-01,3.1
Talbot,24041,MDTALB1URN,2025-01-01,4.0
Talbot,24041,MDTALB1URN,2025-02-01,4.3
Talbot,24041,MDTALB1URN,2025-03-01,3.9
Talbot,24041,MDTALB1URN,2025-04-01,3.4
Talbot,24041,MDTALB1URN,2025-05-01,3.4
Talbot,24041,MDTALB1URN,2025-06-01,3.9
Talbot,24041,MDTALB1URN,2025-07-01,4.2
Talbot,24041,MDTALB1URN,2025-08-01,4.3
Talbot,24041,MDTALB1URN,2025-09-01,4.3
Talbot,24041,MDTALB1URN,2025-11-01,4.0
Talbot,24041,MDTALB1URN,2025-12-01,3.6
Talbot,24041,MDTALB1URN,2026-01-01,4.8
Talbot,24041,MDTALB1URN,2026-02-01,5.4
Talbot,24041,MDTALB1URN,2026-03-01,4.5
Talbot,24041,MDTALB1URN,2026-04-01,4.2
Talbot,24041,MDTALB1URN,2026-05-01,3.4
Talbot,24041,MDTALB1URN,2026-06-01,3.5
Talbot,24041,MDTALB1URN,2026-07-01,3.8
Washington,24043,MDWASH5URN,2020-01-01,4.2
Washington,24043,MDWASH5URN,2020-02-01,4.3
Washington,24043,MDWASH5URN,2020-03-01,5.0
Washington,24043,MDWASH5URN,2020-04-01,10.5
Washington,24043,MDWASH5URN,2020-05-01,10.0
Washington,24043,MDWASH5URN,2020-06-01,8.3
Washington,24043,MDWASH5URN,2020-07-01,8.0
Washington,24043,MDWASH5URN,2020-08-01,7.0
Washington,24043,MDWASH5URN,2020-09-01,6.8
Washington,24043,MDWASH5URN,2020-10-01,5.9
Washington,24043,MDWASH5URN,2020-11-01,5.7
Washington,24043,MDWASH5URN,2020-12-01,6.0
Washington,24043,MDWASH5URN,2021-01-01,6.6
Washington,24043,MDWASH5URN,2021-02-01,6.4
Washington,24043,MDWASH5URN,2021-03-01,5.8
Washington,24043,MDWASH5URN,2021-04-01,5.2
Washington,24043,MDWASH5URN,2021-05-01,5.3
Washington,24043,MDWASH5URN,2021-06-01,6.1
Washington,24043,MDWASH5URN,2021-07-01,5.5
Washington,24043,MDWASH5URN,2021-08-01,5.1
Washington,24043,MDWASH5URN,2021-09-01,4.5
Washington,24043,MDWASH5URN,2021-10-01,4.2
Washington,24043,MDWASH5URN,2021-11-01,3.7
Washington,24043,MDWASH5URN,2021-12-01,3.1
Washington,24043,MDWASH5URN,2022-01-01,3.8
Washington,24043,MDWASH5URN,2022-02-01,3.9
Washington,24043,MDWASH5URN,2022-03-01,3.5
Washington,24043,MDWASH5URN,2022-04-01,2.8
Washington,24043,MDWASH5URN,2022-05-01,3.1
Washington,24043,MDWASH5URN,2022-06-01,3.8
Washington,24043,MDWASH5URN,2022-07-01,3.5
Washington,24043,MDWASH5URN,2022-08-01,3.6
Washington,24043,MDWASH5URN,2022-09-01,2.9
Washington,24043,MDWASH5URN,2022-10-01,3.0
Washington,24043,MDWASH5URN,2022-11-01,2.7
Washington,24043,MDWASH5URN,2022-12-01,2.3
Washington,24043,MDWASH5URN,2023-01-01,3.0
Washington,24043,MDWASH5URN,2023-02-01,3.0
Washington,24043,MDWASH5URN,2023-03-01,2.5
Washington,24043,MDWASH5URN,2023-04-01,1.8
Washington,24043,MDWASH5URN,2023-05-01,2.0
Washington,24043,MDWASH5URN,2023-06-01,2.3
Washington,24043,MDWASH5URN,2023-07-01,2.5
Washington,24043,MDWASH5URN,2023-08-01,2.8
Washington,24043,MDWASH5URN,2023-09-01,2.6
Washington,24043,MDWASH5URN,2023-10-01,3.0
Washington,24043,MDWASH5URN,2023-11-01,2.8
Washington,24043,MDWASH5URN,2023-12-01,2.7
Washington,24043,MDWASH5URN,2024-01-01,3.5
Washington,24043,MDWASH5URN,2024-02-01,3.7
Washington,24043,MDWASH5URN,2024-03-01,3.4
Washington,24043,MDWASH5URN,2024-04-01,2.8
Washington,24043,MDWASH5URN,2024-05-01,2.9
Washington,24043,MDWASH5URN,2024-06-01,3.8
Washington,24043,MDWASH5URN,2024-07-01,3.9
Washington,24043,MDWASH5URN,2024-08-01,3.9
Washington,24043,MDWASH5URN,2024-09-01,3.3
Washington,24043,MDWASH5URN,2024-10-01,3.6
Washington,24043,MDWASH5URN,2024-11-01,3.6
Washington,24043,MDWASH5URN,2024-12-01,3.3
Washington,24043,MDWASH5URN,2025-01-01,4.1
Washington,24043,MDWASH5URN,2025-02-01,4.3
Washington,24043,MDWASH5URN,2025-03-01,4.1
Washington,24043,MDWASH5URN,2025-04-01,3.7
Washington,24043,MDWASH5URN,2025-05-01,4.0
Washington,24043,MDWASH5URN,2025-06-01,4.5
Washington,24043,MDWASH5URN,2025-07-01,4.7
Washington,24043,MDWASH5URN,2025-08-01,4.9
Washington,24043,MDWASH5URN,2025-09-01,4.7
Washington,24043,MDWASH5URN,2025-11-01,4.4
Washington,24043,MDWASH5URN,2025-12-01,3.9
Washington,24043,MDWASH5URN,2026-01-01,5.1
Washington,24043,MDWASH5URN,2026-02-01,5.5
Washington,24043,MDWASH5URN,2026-03-01,4.8
Washington,24043,MDWASH5URN,2026-04-01,4.7
Washington,24043,MDWASH5URN,2026-05-01,4.1
Washington,24043,MDWASH5URN,2026-06-01,4.2
Washington,24043,MDWASH5URN,2026-07-01,4.2
Wicomico,24045,MDWICO5URN,2020-01-01,4.8
Wicomico,24045,MDWICO5URN,2020-02-01,4.6
Wicomico,24045,MDWICO5URN,2020-03-01,5.5
Wicomico,24045,MDWICO5URN,2020-04-01,10.7
Wicomico,24045,MDWICO5URN,2020-05-01,10.3
Wicomico,24045,MDWICO5URN,2020-06-01,8.3
Wicomico,24045,MDWICO5URN,2020-07-01,7.6
Wicomico,24045,MDWICO5URN,2020-08-01,6.5
Wicomico,24045,MDWICO5URN,2020-09-01,6.4
Wicomico,24045,MDWICO5URN,2020-10-01,6.1
Wicomico,24045,MDWICO5URN,2020-11-01,6.1
Wicomico,24045,MDWICO5URN,2020-12-01,6.5
Wicomico,24045,MDWICO5URN,2021-01-01,7.2
Wicomico,24045,MDWICO5URN,2021-02-01,6.8
Wicomico,24045,MDWICO5URN,2021-03-01,6.4
Wicomico,24045,MDWICO5URN,2021-04-01,5.7
Wicomico,24045,MDWICO5URN,2021-05-01,5.3
Wicomico,24045,MDWICO5URN,2021-06-01,6.0
Wicomico,24045,MDWICO5URN,2021-07-01,5.3
Wicomico,24045,MDWICO5URN,2021-08-01,5.1
Wicomico,24045,MDWICO5URN,2021-09-01,4.4
Wicomico,24045,MDWICO5URN,2021-10-01,4.3
Wicomico,24045,MDWICO5URN,2021-11-01,3.9
Wicomico,24045,MDWICO5URN,2021-12-01,3.5
Wicomico,24045,MDWICO5URN,2022-01-01,4.4
Wicomico,24045,MDWICO5URN,2022-02-01,4.1
Wicomico,24045,MDWICO5URN,2022-03-01,3.6
Wicomico,24045,MDWICO5URN,2022-04-01,3.0
Wicomico,24045,MDWICO5URN,2022-05-01,3.1
Wicomico,24045,MDWICO5URN,2022-06-01,3.7
Wicomico,24045,MDWICO5URN,2022-07-01,3.5
Wicomico,24045,MDWICO5URN,2022-08-01,3.6
Wicomico,24045,MDWICO5URN,2022-09-01,2.8
Wicomico,24045,MDWICO5URN,2022-10-01,3.1
Wicomico,24045,MDWICO5URN,2022-11-01,2.9
Wicomico,24045,MDWICO5URN,2022-12-01,2.6
Wicomico,24045,MDWICO5URN,2023-01-01,3.4
Wicomico,24045,MDWICO5URN,2023-02-01,3.1
Wicomico,24045,MDWICO5URN,2023-03-01,2.6
Wicomico,24045,MDWICO5URN,2023-04-01,1.9
Wicomico,24045,MDWICO5URN,2023-05-01,2.0
Wicomico,24045,MDWICO5URN,2023-06-01,2.3
Wicomico,24045,MDWICO5URN,2023-07-01,2.5
Wicomico,24045,MDWICO5URN,2023-08-01,2.6
Wicomico,24045,MDWICO5URN,2023-09-01,2.4
Wicomico,24045,MDWICO5URN,2023-10-01,2.7
Wicomico,24045,MDWICO5URN,2023-11-01,2.7
Wicomico,24045,MDWICO5URN,2023-12-01,2.9
Wicomico,24045,MDWICO5URN,2024-01-01,3.7
Wicomico,24045,MDWICO5URN,2024-02-01,3.8
Wicomico,24045,MDWICO5URN,2024-03-01,3.6
Wicomico,24045,MDWICO5URN,2024-04-01,2.9
Wicomico,24045,MDWICO5URN,2024-05-01,2.9
Wicomico,24045,MDWICO5URN,2024-06-01,3.8
Wicomico,24045,MDWICO5URN,2024-07-01,3.9
Wicomico,24045,MDWICO5URN,2024-08-01,3.9
Wicomico,24045,MDWICO5URN,2024-09-01,3.3
Wicomico,24045,MDWICO5URN,2024-10-01,3.6
Wicomico,24045,MDWICO5URN,2024-11-01,3.9
Wicomico,24045,MDWICO5URN,2024-12-01,3.7
Wicomico,24045,MDWICO5URN,2025-01-01,4.7
Wicomico,24045,MDWICO5URN,2025-02-01,4.6
Wicomico,24045,MDWICO5URN,2025-03-01,4.2
Wicomico,24045,MDWICO5URN,2025-04-01,3.8
Wicomico,24045,MDWICO5URN,2025-05-01,3.9
Wicomico,24045,MDWICO5URN,2025-06-01,4.4
Wicomico,24045,MDWICO5URN,2025-07-01,4.5
Wicomico,24045,MDWICO5URN,2025-08-01,4.7
Wicomico,24045,MDWICO5URN,2025-09-01,4.5
Wicomico,24045,MDWICO5URN,2025-11-01,4.4
Wicomico,24045,MDWICO5URN,2025-12-01,4.0
Wicomico,24045,MDWICO5URN,2026-01-01,5.2
Wicomico,24045,MDWICO5URN,2026-02-01,5.4
Wicomico,24045,MDWICO5URN,2026-03-01,5.0
Wicomico,24045,MDWICO5URN,2026-04-01,4.9
Wicomico,24045,MDWICO5URN,2026-05-01,4.0
Wicomico,24045,MDWICO5URN,2026-06-01,4.4
Wicomico,24045,MDWICO5URN,2026-07-01,4.5
Worcester,24047,MDWORC7URN,2020-01-01,11.7
Worcester,24047,MDWORC7URN,2020-02-01,9.9
Worcester,24047,MDWORC7URN,2020-03-01,11.7
Worcester,24047,MDWORC7URN,2020-04-01,21.8
Worcester,24047,MDWORC7URN,2020-05-01,17.9
Worcester,24047,MDWORC7URN,2020-06-01,9.9
Worcester,24047,MDWORC7URN,2020-07-01,8.1
Worcester,24047,MDWORC7URN,2020-08-01,6.9
Worcester,24047,MDWORC7URN,2020-09-01,7.2
Worcester,24047,MDWORC7URN,2020-10-01,7.4
Worcester,24047,MDWORC7URN,2020-11-01,9.4
Worcester,24047,MDWORC7URN,2020-12-01,11.2
Worcester,24047,MDWORC7URN,2021-01-01,13.9
Worcester,24047,MDWORC7URN,2021-02-01,12.5
Worcester,24047,MDWORC7URN,2021-03-01,10.6
Worcester,24047,MDWORC7URN,2021-04-01,7.7
Worcester,24047,MDWORC7URN,2021-05-01,6.3
Worcester,24047,MDWORC7URN,2021-06-01,6.1
Worcester,24047,MDWORC7URN,2021-07-01,5.0
Worcester,24047,MDWORC7URN,2021-08-01,4.8
Worcester,24047,MDWORC7URN,2021-09-01,4.6
Worcester,24047,MDWORC7URN,2021-10-01,5.2
Worcester,24047,MDWORC7URN,2021-11-01,6.0
Worcester,24047,MDWORC7URN,2021-12-01,5.6
Worcester,24047,MDWORC7URN,2022-01-01,9.1
Worcester,24047,MDWORC7URN,2022-02-01,7.9
Worcester,24047,MDWORC7URN,2022-03-01,6.0
Worcester,24047,MDWORC7URN,2022-04-01,4.5
Worcester,24047,MDWORC7URN,2022-05-01,3.7
Worcester,24047,MDWORC7URN,2022-06-01,3.6
Worcester,24047,MDWORC7URN,2022-07-01,3.3
Worcester,24047,MDWORC7URN,2022-08-01,3.3
Worcester,24047,MDWORC7URN,2022-09-01,2.9
Worcester,24047,MDWORC7URN,2022-10-01,3.8
Worcester,24047,MDWORC7URN,2022-11-01,5.1
Worcester,24047,MDWORC7URN,2022-12-01,4.9
Worcester,24047,MDWORC7URN,2023-01-01,7.3
Worcester,24047,MDWORC7URN,2023-02-01,5.7
Worcester,24047,MDWORC7URN,2023-03-01,3.9
Worcester,24047,MDWORC7URN,2023-04-01,2.6
Worcester,24047,MDWORC7URN,2023-05-01,2.2
Worcester,24047,MDWORC7URN,2023-06-01,2.1
Worcester,24047,MDWORC7URN,2023-07-01,2.1
Worcester,24047,MDWORC7URN,2023-08-01,2.3
Worcester,24047,MDWORC7URN,2023-09-01,2.4
Worcester,24047,MDWORC7URN,2023-10-01,3.0
Worcester,24047,MDWORC7URN,2023-11-01,4.4
Worcester,24047,MDWORC7URN,2023-12-01,4.9
Worcester,24047,MDWORC7URN,2024-01-01,7.4
Worcester,24047,MDWORC7URN,2024-02-01,6.6
Worcester,24047,MDWORC7URN,2024-03-01,5.2
Worcester,24047,MDWORC7URN,2024-04-01,3.9
Worcester,24047,MDWORC7URN,2024-05-01,3.1
Worcester,24047,MDWORC7URN,2024-06-01,3.3
Worcester,24047,MDWORC7URN,2024-07-01,3.3
Worcester,24047,MDWORC7URN,2024-08-01,3.3
Worcester,24047,MDWORC7URN,2024-09-01,3.1
Worcester,24047,MDWORC7URN,2024-10-01,3.8
Worcester,24047,MDWORC7URN,2024-11-01,5.1
Worcester,24047,MDWORC7URN,2024-12-01,6.0
Worcester,24047,MDWORC7URN,2025-01-01,8.7
Worcester,24047,MDWORC7URN,2025-02-01,7.5
Worcester,24047,MDWORC7URN,2025-03-01,6.1
Worcester,24047,MDWORC7URN,2025-04-01,4.7
Worcester,24047,MDWORC7URN,2025-05-01,3.8
Worcester,24047,MDWORC7URN,2025-06-01,3.8
Worcester,24047,MDWORC7URN,2025-07-01,3.9
Worcester,24047,MDWORC7URN,2025-08-01,4.0
Worcester,24047,MDWORC7URN,2025-09-01,4.2
Worcester,24047,MDWORC7URN,2025-11-01,6.2
Worcester,24047,MDWORC7URN,2025-12-01,6.6
Worcester,24047,MDWORC7URN,2026-01-01,9.9
Worcester,24047,MDWORC7URN,2026-02-01,9.0
Worcester,24047,MDWORC7URN,2026-03-01,6.9
Worcester,24047,MDWORC7URN,2026-04-01,5.5
Worcester,24047,MDWORC7URN,2026-05-01,4.2
Worcester,24047,MDWORC7URN,2026-06-01,3.6
Worcester,24047,MDWORC7URN,2026-07-01,3.6
